downloadTime,stationId,stationName,brand,company,address,city,province,lat,lng,fuel,fuelId,price,isSelf,insertDate,validityDate,serviceCount,serviceNames
2026-06-10T20:01:57.266232,18955,Idc C.da Selvaggio,AgipEni,SALLEMI CARBURANTI S.R.L.,CONTRADA SELVAGGIO C/O DISTRIB. CARBUR. SN - 97100 RAGUSA (RG),RAGUSA,RG,36.90474106561201,14.707544445991516,Benzina,1,2.109,False,2026-06-10T03:58:06Z,2026-06-10T03:58:06Z,4,"Sosta Camper/Tir, Servizi per disabili, Food&Beverage, Bancomat"
2026-06-10T20:01:57.266232,18955,Idc C.da Selvaggio,AgipEni,SALLEMI CARBURANTI S.R.L.,CONTRADA SELVAGGIO C/O DISTRIB. CARBUR. SN - 97100 RAGUSA (RG),RAGUSA,RG,36.90474106561201,14.707544445991516,Benzina,1,1.899,True,2026-06-09T17:04:02Z,2026-06-09T17:04:02Z,4,"Sosta Camper/Tir, Servizi per disabili, Food&Beverage, Bancomat"
2026-06-10T20:01:57.266232,18955,Idc C.da Selvaggio,AgipEni,SALLEMI CARBURANTI S.R.L.,CONTRADA SELVAGGIO C/O DISTRIB. CARBUR. SN - 97100 RAGUSA (RG),RAGUSA,RG,36.90474106561201,14.707544445991516,Gasolio,2,2.249,False,2026-06-09T21:32:01Z,2026-06-09T21:32:01Z,4,"Sosta Camper/Tir, Servizi per disabili, Food&Beverage, Bancomat"
2026-06-10T20:01:57.266232,18955,Idc C.da Selvaggio,AgipEni,SALLEMI CARBURANTI S.R.L.,CONTRADA SELVAGGIO C/O DISTRIB. CARBUR. SN - 97100 RAGUSA (RG),RAGUSA,RG,36.90474106561201,14.707544445991516,Gasolio,2,2.019,True,2026-06-10T17:58:03Z,2026-06-10T17:58:03Z,4,"Sosta Camper/Tir, Servizi per disabili, Food&Beverage, Bancomat"
2026-06-10T20:01:57.266232,18955,Idc C.da Selvaggio,AgipEni,SALLEMI CARBURANTI S.R.L.,CONTRADA SELVAGGIO C/O DISTRIB. CARBUR. SN - 97100 RAGUSA (RG),RAGUSA,RG,36.90474106561201,14.707544445991516,Metano,3,1.759,False,2026-06-09T21:32:01Z,2026-06-09T21:32:01Z,4,"Sosta Camper/Tir, Servizi per disabili, Food&Beverage, Bancomat"
2026-06-10T20:01:57.266232,18955,Idc C.da Selvaggio,AgipEni,SALLEMI CARBURANTI S.R.L.,CONTRADA SELVAGGIO C/O DISTRIB. CARBUR. SN - 97100 RAGUSA (RG),RAGUSA,RG,36.90474106561201,14.707544445991516,Blue Diesel,20,2.349,False,2026-06-09T21:32:01Z,2026-06-09T21:32:01Z,4,"Sosta Camper/Tir, Servizi per disabili, Food&Beverage, Bancomat"
2026-06-10T20:01:57.266232,18955,Idc C.da Selvaggio,AgipEni,SALLEMI CARBURANTI S.R.L.,CONTRADA SELVAGGIO C/O DISTRIB. CARBUR. SN - 97100 RAGUSA (RG),RAGUSA,RG,36.90474106561201,14.707544445991516,Blue Diesel,20,2.119,True,2026-06-10T17:58:03Z,2026-06-10T17:58:03Z,4,"Sosta Camper/Tir, Servizi per disabili, Food&Beverage, Bancomat"
2026-06-10T20:01:57.266232,61448,IBLEA PETROLI -IB02 Modica ,IbleaPetroli,IBLEA PETROLI S.R.L.,Via Tirella 100 - 97015 MODICA (RG),MODICA,RG,36.852547,14.764628,Benzina,1,1.889,True,2026-06-09T17:42:07Z,2026-06-09T17:42:07Z,0,
2026-06-10T20:01:57.266232,61448,IBLEA PETROLI -IB02 Modica ,IbleaPetroli,IBLEA PETROLI S.R.L.,Via Tirella 100 - 97015 MODICA (RG),MODICA,RG,36.852547,14.764628,Gasolio,2,1.999,True,2026-06-10T17:38:06Z,2026-06-10T17:38:06Z,0,
2026-06-10T20:01:57.266232,18958,Eni - Via E. Fieramosca ,AgipEni,SALLEMI CARBURANTI S.R.L.,VIA E. FIERAMOSCA S.N. - 97100 RAGUSA (RG),RAGUSA,RG,36.91501819807068,14.699918925762177,Benzina,1,2.109,False,2026-06-09T17:32:17Z,2026-06-09T17:32:17Z,2,"Sosta Camper/Tir, Bancomat"
2026-06-10T20:01:57.266232,18958,Eni - Via E. Fieramosca ,AgipEni,SALLEMI CARBURANTI S.R.L.,VIA E. FIERAMOSCA S.N. - 97100 RAGUSA (RG),RAGUSA,RG,36.91501819807068,14.699918925762177,Benzina,1,1.899,True,2026-06-09T17:32:17Z,2026-06-09T17:32:17Z,2,"Sosta Camper/Tir, Bancomat"
2026-06-10T20:01:57.266232,18958,Eni - Via E. Fieramosca ,AgipEni,SALLEMI CARBURANTI S.R.L.,VIA E. FIERAMOSCA S.N. - 97100 RAGUSA (RG),RAGUSA,RG,36.91501819807068,14.699918925762177,Gasolio,2,2.249,False,2026-06-09T21:28:11Z,2026-06-09T21:28:11Z,2,"Sosta Camper/Tir, Bancomat"
2026-06-10T20:01:57.266232,18958,Eni - Via E. Fieramosca ,AgipEni,SALLEMI CARBURANTI S.R.L.,VIA E. FIERAMOSCA S.N. - 97100 RAGUSA (RG),RAGUSA,RG,36.91501819807068,14.699918925762177,Gasolio,2,2.019,True,2026-06-10T17:32:10Z,2026-06-10T17:32:10Z,2,"Sosta Camper/Tir, Bancomat"
2026-06-10T20:01:57.266232,18958,Eni - Via E. Fieramosca ,AgipEni,SALLEMI CARBURANTI S.R.L.,VIA E. FIERAMOSCA S.N. - 97100 RAGUSA (RG),RAGUSA,RG,36.91501819807068,14.699918925762177,Blue Diesel,20,2.349,False,2026-06-09T21:28:11Z,2026-06-09T21:28:11Z,2,"Sosta Camper/Tir, Bancomat"
2026-06-10T20:01:57.266232,18958,Eni - Via E. Fieramosca ,AgipEni,SALLEMI CARBURANTI S.R.L.,VIA E. FIERAMOSCA S.N. - 97100 RAGUSA (RG),RAGUSA,RG,36.91501819807068,14.699918925762177,Blue Diesel,20,2.119,True,2026-06-10T17:32:10Z,2026-06-10T17:32:10Z,2,"Sosta Camper/Tir, Bancomat"
2026-06-10T20:01:57.266232,14914,ENI S.p.25 Ragusa - Marina di Ragusa,AgipEni,SALLEMI CARBURANTI S.R.L.,Strada Provinciale 25 Km 2+550 - RAGUSA (RG),RAGUSA,RG,36.88578221543473,14.685566425323486,Benzina,1,2.109,False,2026-06-10T05:02:16Z,2026-06-10T05:02:16Z,4,"Sosta Camper/Tir, Servizi per disabili, Food&Beverage, Bancomat"
2026-06-10T20:01:57.266232,14914,ENI S.p.25 Ragusa - Marina di Ragusa,AgipEni,SALLEMI CARBURANTI S.R.L.,Strada Provinciale 25 Km 2+550 - RAGUSA (RG),RAGUSA,RG,36.88578221543473,14.685566425323486,Benzina,1,1.899,True,2026-06-09T17:34:01Z,2026-06-09T17:34:01Z,4,"Sosta Camper/Tir, Servizi per disabili, Food&Beverage, Bancomat"
2026-06-10T20:01:57.266232,14914,ENI S.p.25 Ragusa - Marina di Ragusa,AgipEni,SALLEMI CARBURANTI S.R.L.,Strada Provinciale 25 Km 2+550 - RAGUSA (RG),RAGUSA,RG,36.88578221543473,14.685566425323486,Gasolio,2,2.249,False,2026-06-09T21:32:07Z,2026-06-09T21:32:07Z,4,"Sosta Camper/Tir, Servizi per disabili, Food&Beverage, Bancomat"
2026-06-10T20:01:57.266232,14914,ENI S.p.25 Ragusa - Marina di Ragusa,AgipEni,SALLEMI CARBURANTI S.R.L.,Strada Provinciale 25 Km 2+550 - RAGUSA (RG),RAGUSA,RG,36.88578221543473,14.685566425323486,Gasolio,2,2.019,True,2026-06-10T17:04:12Z,2026-06-10T17:04:12Z,4,"Sosta Camper/Tir, Servizi per disabili, Food&Beverage, Bancomat"
2026-06-10T20:01:57.266232,14914,ENI S.p.25 Ragusa - Marina di Ragusa,AgipEni,SALLEMI CARBURANTI S.R.L.,Strada Provinciale 25 Km 2+550 - RAGUSA (RG),RAGUSA,RG,36.88578221543473,14.685566425323486,Blue Diesel,20,2.349,False,2026-06-09T21:32:07Z,2026-06-09T21:32:07Z,4,"Sosta Camper/Tir, Servizi per disabili, Food&Beverage, Bancomat"
2026-06-10T20:01:57.266232,14914,ENI S.p.25 Ragusa - Marina di Ragusa,AgipEni,SALLEMI CARBURANTI S.R.L.,Strada Provinciale 25 Km 2+550 - RAGUSA (RG),RAGUSA,RG,36.88578221543473,14.685566425323486,Blue Diesel,20,2.119,True,2026-06-10T17:04:12Z,2026-06-10T17:04:12Z,4,"Sosta Camper/Tir, Servizi per disabili, Food&Beverage, Bancomat"
2026-06-10T20:01:57.266232,44711,ENERGY POINT DI PISANA CARMELO,PompeBianche,ENERGY POINT DI PISANA CARMELO,VIALE EUROPA 128 - 97100 RAGUSA (RG),RAGUSA,RG,36.92956188904339,14.71604511141777,Benzina,1,1.889,False,2026-06-08T21:15:48Z,2026-06-08T21:15:48Z,1,Bancomat
2026-06-10T20:01:57.266232,44711,ENERGY POINT DI PISANA CARMELO,PompeBianche,ENERGY POINT DI PISANA CARMELO,VIALE EUROPA 128 - 97100 RAGUSA (RG),RAGUSA,RG,36.92956188904339,14.71604511141777,Benzina,1,1.889,True,2026-06-08T21:16:01Z,2026-06-08T22:00:00Z,1,Bancomat
2026-06-10T20:01:57.266232,44711,ENERGY POINT DI PISANA CARMELO,PompeBianche,ENERGY POINT DI PISANA CARMELO,VIALE EUROPA 128 - 97100 RAGUSA (RG),RAGUSA,RG,36.92956188904339,14.71604511141777,Gasolio,2,2.029,False,2026-06-08T21:15:48Z,2026-06-08T21:15:48Z,1,Bancomat
2026-06-10T20:01:57.266232,44711,ENERGY POINT DI PISANA CARMELO,PompeBianche,ENERGY POINT DI PISANA CARMELO,VIALE EUROPA 128 - 97100 RAGUSA (RG),RAGUSA,RG,36.92956188904339,14.71604511141777,Gasolio,2,2.029,True,2026-06-08T21:16:01Z,2026-06-08T22:00:00Z,1,Bancomat
2026-06-10T20:01:57.266232,53284,EASY CARBURANTI ,PompeBianche,PENDOLA MASSIMILIANA E C. S.A.S.,DELLE AMERICHE (EX SP 52) S.N. - 97100 RAGUSA (RG),RAGUSA,RG,36.93708,14.666,Benzina,1,1.989,False,2026-06-09T21:36:41Z,2026-06-09T21:36:41Z,1,Bancomat
2026-06-10T20:01:57.266232,53284,EASY CARBURANTI ,PompeBianche,PENDOLA MASSIMILIANA E C. S.A.S.,DELLE AMERICHE (EX SP 52) S.N. - 97100 RAGUSA (RG),RAGUSA,RG,36.93708,14.666,Benzina,1,1.889,True,2026-06-09T21:36:41Z,2026-06-09T21:36:41Z,1,Bancomat
2026-06-10T20:01:57.266232,53284,EASY CARBURANTI ,PompeBianche,PENDOLA MASSIMILIANA E C. S.A.S.,DELLE AMERICHE (EX SP 52) S.N. - 97100 RAGUSA (RG),RAGUSA,RG,36.93708,14.666,Gasolio,2,2.099,False,2026-06-10T16:28:07Z,2026-06-10T16:28:07Z,1,Bancomat
2026-06-10T20:01:57.266232,53284,EASY CARBURANTI ,PompeBianche,PENDOLA MASSIMILIANA E C. S.A.S.,DELLE AMERICHE (EX SP 52) S.N. - 97100 RAGUSA (RG),RAGUSA,RG,36.93708,14.666,Gasolio,2,1.999,True,2026-06-10T16:28:07Z,2026-06-10T16:28:07Z,1,Bancomat
2026-06-10T20:01:57.266232,53284,EASY CARBURANTI ,PompeBianche,PENDOLA MASSIMILIANA E C. S.A.S.,DELLE AMERICHE (EX SP 52) S.N. - 97100 RAGUSA (RG),RAGUSA,RG,36.93708,14.666,GPL,4,0.789,False,2026-06-09T21:36:41Z,2026-06-09T21:36:41Z,1,Bancomat
2026-06-10T20:01:57.266232,18959,"Idc Via Risorgimento, Ragusa",Esso,SALLEMI CARBURANTI S.R.L.,VIA RISORGIMENTO SN - 97100 RAGUSA (RG),RAGUSA,RG,36.91774295009282,14.729543924331665,Benzina,1,2.089,False,2026-06-10T16:24:02Z,2026-06-10T16:24:02Z,1,Bancomat
2026-06-10T20:01:57.266232,18959,"Idc Via Risorgimento, Ragusa",Esso,SALLEMI CARBURANTI S.R.L.,VIA RISORGIMENTO SN - 97100 RAGUSA (RG),RAGUSA,RG,36.91774295009282,14.729543924331665,Benzina,1,1.899,True,2026-06-10T16:26:04Z,2026-06-10T16:26:04Z,1,Bancomat
2026-06-10T20:01:57.266232,18959,"Idc Via Risorgimento, Ragusa",Esso,SALLEMI CARBURANTI S.R.L.,VIA RISORGIMENTO SN - 97100 RAGUSA (RG),RAGUSA,RG,36.91774295009282,14.729543924331665,Gasolio,2,2.219,False,2026-06-10T16:24:02Z,2026-06-10T16:24:02Z,1,Bancomat
2026-06-10T20:01:57.266232,18959,"Idc Via Risorgimento, Ragusa",Esso,SALLEMI CARBURANTI S.R.L.,VIA RISORGIMENTO SN - 97100 RAGUSA (RG),RAGUSA,RG,36.91774295009282,14.729543924331665,Gasolio,2,2.029,True,2026-06-10T16:26:04Z,2026-06-10T16:26:04Z,1,Bancomat
2026-06-10T20:01:57.266232,14549,FIERAMOSCA,PompeBianche,ND PETROLI DI DIBENNARDO NUNZIO & C. S.R.L.,VIA ETTORE FIERAMOSCA SN - 97100 RAGUSA (RG),RAGUSA,RG,36.90914161499595,14.696611762046814,Benzina,1,2.049,False,2026-06-10T16:09:13Z,2026-06-10T16:08:00Z,0,
2026-06-10T20:01:57.266232,14549,FIERAMOSCA,PompeBianche,ND PETROLI DI DIBENNARDO NUNZIO & C. S.R.L.,VIA ETTORE FIERAMOSCA SN - 97100 RAGUSA (RG),RAGUSA,RG,36.90914161499595,14.696611762046814,Benzina,1,1.899,True,2026-06-10T16:09:13Z,2026-06-10T16:08:00Z,0,
2026-06-10T20:01:57.266232,14549,FIERAMOSCA,PompeBianche,ND PETROLI DI DIBENNARDO NUNZIO & C. S.R.L.,VIA ETTORE FIERAMOSCA SN - 97100 RAGUSA (RG),RAGUSA,RG,36.90914161499595,14.696611762046814,Gasolio,2,2.189,False,2026-06-09T16:08:22Z,2026-06-10T04:07:00Z,0,
2026-06-10T20:01:57.266232,14549,FIERAMOSCA,PompeBianche,ND PETROLI DI DIBENNARDO NUNZIO & C. S.R.L.,VIA ETTORE FIERAMOSCA SN - 97100 RAGUSA (RG),RAGUSA,RG,36.90914161499595,14.696611762046814,Gasolio,2,2.039,True,2026-06-09T16:08:22Z,2026-06-10T04:07:00Z,0,
2026-06-10T20:01:57.266232,44146,ARCHIMEDE,PompeBianche,ND PETROLI DI DIBENNARDO NUNZIO & C. S.R.L.,VIA ARCHIMEDE SN - 97100 RAGUSA (RG),RAGUSA,RG,36.92330834016632,14.719931311962569,Benzina,1,1.899,False,2026-06-10T16:08:35Z,2026-06-10T16:08:00Z,1,Bancomat
2026-06-10T20:01:57.266232,44146,ARCHIMEDE,PompeBianche,ND PETROLI DI DIBENNARDO NUNZIO & C. S.R.L.,VIA ARCHIMEDE SN - 97100 RAGUSA (RG),RAGUSA,RG,36.92330834016632,14.719931311962569,Benzina,1,1.899,True,2026-06-10T16:08:35Z,2026-06-10T16:08:00Z,1,Bancomat
2026-06-10T20:01:57.266232,44146,ARCHIMEDE,PompeBianche,ND PETROLI DI DIBENNARDO NUNZIO & C. S.R.L.,VIA ARCHIMEDE SN - 97100 RAGUSA (RG),RAGUSA,RG,36.92330834016632,14.719931311962569,Gasolio,2,2.039,False,2026-06-09T16:07:33Z,2026-06-10T04:06:00Z,1,Bancomat
2026-06-10T20:01:57.266232,44146,ARCHIMEDE,PompeBianche,ND PETROLI DI DIBENNARDO NUNZIO & C. S.R.L.,VIA ARCHIMEDE SN - 97100 RAGUSA (RG),RAGUSA,RG,36.92330834016632,14.719931311962569,Gasolio,2,2.039,True,2026-06-09T16:07:33Z,2026-06-10T04:06:00Z,1,Bancomat
2026-06-10T20:01:57.266232,17923,LUKOIL,Lukoil,F.LLI DIQUATTRO CLAUDIO & GIOVANNI SNC,Viale delle Americhe 1 - 97100 RAGUSA (RG),RAGUSA,RG,36.92717407346681,14.704180285334587,Benzina,1,2.059,False,2026-06-10T15:50:11Z,2026-06-10T15:50:04Z,3,"Food&Beverage, Bancomat, Officina"
2026-06-10T20:01:57.266232,17923,LUKOIL,Lukoil,F.LLI DIQUATTRO CLAUDIO & GIOVANNI SNC,Viale delle Americhe 1 - 97100 RAGUSA (RG),RAGUSA,RG,36.92717407346681,14.704180285334587,Benzina,1,1.909,True,2026-06-10T15:50:11Z,2026-06-10T15:50:04Z,3,"Food&Beverage, Bancomat, Officina"
2026-06-10T20:01:57.266232,17923,LUKOIL,Lukoil,F.LLI DIQUATTRO CLAUDIO & GIOVANNI SNC,Viale delle Americhe 1 - 97100 RAGUSA (RG),RAGUSA,RG,36.92717407346681,14.704180285334587,Gasolio,2,2.169,False,2026-06-10T15:50:11Z,2026-06-10T15:50:04Z,3,"Food&Beverage, Bancomat, Officina"
2026-06-10T20:01:57.266232,17923,LUKOIL,Lukoil,F.LLI DIQUATTRO CLAUDIO & GIOVANNI SNC,Viale delle Americhe 1 - 97100 RAGUSA (RG),RAGUSA,RG,36.92717407346681,14.704180285334587,Gasolio,2,2.019,True,2026-06-10T15:50:11Z,2026-06-10T15:50:04Z,3,"Food&Beverage, Bancomat, Officina"
2026-06-10T20:01:57.266232,43487,8435,Tamoil,T.D.M. S.R.L.,27 FRIGINTINI S.N. - 97015 MODICA (RG),MODICA,RG,36.91690725145878,14.820852531088349,Benzina,1,1.899,True,2026-06-10T11:50:27Z,2026-06-10T11:50:27Z,0,
2026-06-10T20:01:57.266232,43487,8435,Tamoil,T.D.M. S.R.L.,27 FRIGINTINI S.N. - 97015 MODICA (RG),MODICA,RG,36.91690725145878,14.820852531088349,Gasolio,2,2.019,True,2026-06-10T11:50:27Z,2026-06-10T11:50:27Z,0,
2026-06-10T20:01:57.266232,34754,BLANCO PETROLI - RAGUSA VIA G. LA PIRA,Blancopetroli,BLANCO PETROLI S.R.L.,"VIA VIA G. LA PIRA S.N. 97100, RAGUSA (RG) - 97100 RAGUSA (RG)",RAGUSA,RG,36.91949406541724,14.711862802505493,Benzina,1,1.899,True,2026-06-10T07:34:12Z,2026-06-10T07:34:12Z,3,"Servizi per disabili, Bancomat, Autolavaggio"
2026-06-10T20:01:57.266232,34754,BLANCO PETROLI - RAGUSA VIA G. LA PIRA,Blancopetroli,BLANCO PETROLI S.R.L.,"VIA VIA G. LA PIRA S.N. 97100, RAGUSA (RG) - 97100 RAGUSA (RG)",RAGUSA,RG,36.91949406541724,14.711862802505493,Gasolio,2,1.999,True,2026-06-10T07:34:12Z,2026-06-10T07:34:12Z,3,"Servizi per disabili, Bancomat, Autolavaggio"
2026-06-10T20:01:57.266232,34754,BLANCO PETROLI - RAGUSA VIA G. LA PIRA,Blancopetroli,BLANCO PETROLI S.R.L.,"VIA VIA G. LA PIRA S.N. 97100, RAGUSA (RG) - 97100 RAGUSA (RG)",RAGUSA,RG,36.91949406541724,14.711862802505493,GPL,4,0.789,True,2026-06-09T21:47:00Z,2026-06-09T21:47:00Z,3,"Servizi per disabili, Bancomat, Autolavaggio"
2026-06-10T20:01:57.266232,42550,BLANCO PETROLI - RAGUSA SP 25 KM 2+200,Blancopetroli,BLANCO PETROLI S.R.L.,"VIA S.P. 25 KM 2+200 S.N. 97100, RAGUSA (RG) - 97100 RAGUSA (RG)",RAGUSA,RG,36.887706000123,14.689986000123,Benzina,1,1.899,True,2026-06-10T07:34:09Z,2026-06-10T07:34:09Z,3,"Servizi per disabili, Bancomat, Autolavaggio"
2026-06-10T20:01:57.266232,42550,BLANCO PETROLI - RAGUSA SP 25 KM 2+200,Blancopetroli,BLANCO PETROLI S.R.L.,"VIA S.P. 25 KM 2+200 S.N. 97100, RAGUSA (RG) - 97100 RAGUSA (RG)",RAGUSA,RG,36.887706000123,14.689986000123,Gasolio,2,1.999,True,2026-06-10T07:34:09Z,2026-06-10T07:34:09Z,3,"Servizi per disabili, Bancomat, Autolavaggio"
2026-06-10T20:01:57.266232,42550,BLANCO PETROLI - RAGUSA SP 25 KM 2+200,Blancopetroli,BLANCO PETROLI S.R.L.,"VIA S.P. 25 KM 2+200 S.N. 97100, RAGUSA (RG) - 97100 RAGUSA (RG)",RAGUSA,RG,36.887706000123,14.689986000123,Metano,3,1.759,True,2026-06-09T21:47:07Z,2026-06-09T21:47:07Z,3,"Servizi per disabili, Bancomat, Autolavaggio"
2026-06-10T20:01:57.266232,37916,BLANCO PETROLI - MODICA SP 126 KM 0+133,Blancopetroli,BLANCO PETROLI S.R.L.,"VIA S.P. 126 KM. 0 +133 S.N. 97015, MODICA (RG) - 97015 MODICA (RG)",MODICA,RG,36.869799962378586,14.746175779098508,Benzina,1,1.899,True,2026-06-10T07:34:06Z,2026-06-10T07:34:06Z,3,"Servizi per disabili, Bancomat, Autolavaggio"
2026-06-10T20:01:57.266232,37916,BLANCO PETROLI - MODICA SP 126 KM 0+133,Blancopetroli,BLANCO PETROLI S.R.L.,"VIA S.P. 126 KM. 0 +133 S.N. 97015, MODICA (RG) - 97015 MODICA (RG)",MODICA,RG,36.869799962378586,14.746175779098508,Gasolio,2,1.999,True,2026-06-10T07:34:06Z,2026-06-10T07:34:06Z,3,"Servizi per disabili, Bancomat, Autolavaggio"
2026-06-10T20:01:57.266232,37916,BLANCO PETROLI - MODICA SP 126 KM 0+133,Blancopetroli,BLANCO PETROLI S.R.L.,"VIA S.P. 126 KM. 0 +133 S.N. 97015, MODICA (RG) - 97015 MODICA (RG)",MODICA,RG,36.869799962378586,14.746175779098508,GPL,4,0.789,True,2026-06-09T21:47:03Z,2026-06-09T21:47:03Z,3,"Servizi per disabili, Bancomat, Autolavaggio"
2026-06-10T20:01:57.266232,58710,CORSO UMBERTO I - MODICA,AgipEni,CORSO UMBERO I - MODICA,Corso Umberto I SNC - 97015 MODICA (RG),MODICA,RG,36.86633240433081,14.757371842861176,Benzina,1,2.109,False,2026-06-10T06:16:18Z,2026-06-10T06:16:18Z,0,
2026-06-10T20:01:57.266232,58710,CORSO UMBERTO I - MODICA,AgipEni,CORSO UMBERO I - MODICA,Corso Umberto I SNC - 97015 MODICA (RG),MODICA,RG,36.86633240433081,14.757371842861176,Benzina,1,1.889,True,2026-06-10T06:16:18Z,2026-06-10T06:16:18Z,0,
2026-06-10T20:01:57.266232,58710,CORSO UMBERTO I - MODICA,AgipEni,CORSO UMBERO I - MODICA,Corso Umberto I SNC - 97015 MODICA (RG),MODICA,RG,36.86633240433081,14.757371842861176,Gasolio,2,2.239,False,2026-06-10T06:16:18Z,2026-06-10T06:16:18Z,0,
2026-06-10T20:01:57.266232,58710,CORSO UMBERTO I - MODICA,AgipEni,CORSO UMBERO I - MODICA,Corso Umberto I SNC - 97015 MODICA (RG),MODICA,RG,36.86633240433081,14.757371842861176,Gasolio,2,2.019,True,2026-06-10T06:16:18Z,2026-06-10T06:16:18Z,0,
2026-06-10T20:01:57.266232,58710,CORSO UMBERTO I - MODICA,AgipEni,CORSO UMBERO I - MODICA,Corso Umberto I SNC - 97015 MODICA (RG),MODICA,RG,36.86633240433081,14.757371842861176,Blue Diesel,20,2.339,False,2026-06-10T06:16:18Z,2026-06-10T06:16:18Z,0,
2026-06-10T20:01:57.266232,58710,CORSO UMBERTO I - MODICA,AgipEni,CORSO UMBERO I - MODICA,Corso Umberto I SNC - 97015 MODICA (RG),MODICA,RG,36.86633240433081,14.757371842861176,HVOlution,394,2.019,True,2026-06-10T06:16:18Z,2026-06-10T06:16:18Z,0,
2026-06-10T20:01:57.266232,58594,19883 RAGUSA ,AgipEni,ENIMOOV S.P.A.,VIA S. LUIGI - RAGUSA (RG),RAGUSA,RG,36.925835,14.706251,Benzina,1,1.889,True,2026-06-10T06:02:54Z,2026-06-10T06:02:54Z,0,
2026-06-10T20:01:57.266232,58594,19883 RAGUSA ,AgipEni,ENIMOOV S.P.A.,VIA S. LUIGI - RAGUSA (RG),RAGUSA,RG,36.925835,14.706251,Gasolio,2,2.019,True,2026-06-10T06:02:54Z,2026-06-10T06:02:54Z,0,
2026-06-10T20:01:57.266232,58594,19883 RAGUSA ,AgipEni,ENIMOOV S.P.A.,VIA S. LUIGI - RAGUSA (RG),RAGUSA,RG,36.925835,14.706251,Blue Diesel,20,2.119,True,2026-06-10T06:02:54Z,2026-06-10T06:02:54Z,0,
2026-06-10T20:01:57.266232,58594,19883 RAGUSA ,AgipEni,ENIMOOV S.P.A.,VIA S. LUIGI - RAGUSA (RG),RAGUSA,RG,36.925835,14.706251,HVOlution,394,2.019,True,2026-06-10T06:02:54Z,2026-06-10T06:02:54Z,0,
2026-06-10T20:01:57.266232,22650,C.DA S. ANTONIO MODICA,AgipEni,SERVIZI E GESTIONI ZENIT S.R.L. IN SIGLA - ZENIT S.R.L.,CONTRADA SANT' ANTONIO - 97015 MODICA (RG),MODICA,RG,36.86743274992708,14.747528991401623,Benzina,1,2.109,False,2026-06-10T05:58:36Z,2026-06-10T05:58:36Z,0,
2026-06-10T20:01:57.266232,22650,C.DA S. ANTONIO MODICA,AgipEni,SERVIZI E GESTIONI ZENIT S.R.L. IN SIGLA - ZENIT S.R.L.,CONTRADA SANT' ANTONIO - 97015 MODICA (RG),MODICA,RG,36.86743274992708,14.747528991401623,Benzina,1,1.899,True,2026-06-10T05:58:36Z,2026-06-10T05:58:36Z,0,
2026-06-10T20:01:57.266232,22650,C.DA S. ANTONIO MODICA,AgipEni,SERVIZI E GESTIONI ZENIT S.R.L. IN SIGLA - ZENIT S.R.L.,CONTRADA SANT' ANTONIO - 97015 MODICA (RG),MODICA,RG,36.86743274992708,14.747528991401623,Gasolio,2,2.239,False,2026-06-10T05:58:36Z,2026-06-10T05:58:36Z,0,
2026-06-10T20:01:57.266232,22650,C.DA S. ANTONIO MODICA,AgipEni,SERVIZI E GESTIONI ZENIT S.R.L. IN SIGLA - ZENIT S.R.L.,CONTRADA SANT' ANTONIO - 97015 MODICA (RG),MODICA,RG,36.86743274992708,14.747528991401623,Gasolio,2,2.029,True,2026-06-10T05:58:36Z,2026-06-10T05:58:36Z,0,
2026-06-10T20:01:57.266232,22650,C.DA S. ANTONIO MODICA,AgipEni,SERVIZI E GESTIONI ZENIT S.R.L. IN SIGLA - ZENIT S.R.L.,CONTRADA SANT' ANTONIO - 97015 MODICA (RG),MODICA,RG,36.86743274992708,14.747528991401623,GPL,4,0.789,False,2026-06-10T05:58:36Z,2026-06-10T05:58:36Z,0,
2026-06-10T20:01:57.266232,12343,ST.COM. RAGUSA-S.CROCE CAMERINA,AgipEni,SERVIZI E GESTIONI ZENIT S.R.L. IN SIGLA - ZENIT S.R.L.,STRADA COM. EX SP RG-S.C.CAMERINA - 97100 RAGUSA (RG),RAGUSA,RG,36.903994687315844,14.684144463122948,Benzina,1,2.108,False,2026-06-10T05:58:30Z,2026-06-10T05:58:30Z,0,
2026-06-10T20:01:57.266232,12343,ST.COM. RAGUSA-S.CROCE CAMERINA,AgipEni,SERVIZI E GESTIONI ZENIT S.R.L. IN SIGLA - ZENIT S.R.L.,STRADA COM. EX SP RG-S.C.CAMERINA - 97100 RAGUSA (RG),RAGUSA,RG,36.903994687315844,14.684144463122948,Benzina,1,1.898,True,2026-06-10T05:58:30Z,2026-06-10T05:58:30Z,0,
2026-06-10T20:01:57.266232,12343,ST.COM. RAGUSA-S.CROCE CAMERINA,AgipEni,SERVIZI E GESTIONI ZENIT S.R.L. IN SIGLA - ZENIT S.R.L.,STRADA COM. EX SP RG-S.C.CAMERINA - 97100 RAGUSA (RG),RAGUSA,RG,36.903994687315844,14.684144463122948,Gasolio,2,2.238,False,2026-06-10T05:58:30Z,2026-06-10T05:58:30Z,0,
2026-06-10T20:01:57.266232,12343,ST.COM. RAGUSA-S.CROCE CAMERINA,AgipEni,SERVIZI E GESTIONI ZENIT S.R.L. IN SIGLA - ZENIT S.R.L.,STRADA COM. EX SP RG-S.C.CAMERINA - 97100 RAGUSA (RG),RAGUSA,RG,36.903994687315844,14.684144463122948,Gasolio,2,2.028,True,2026-06-10T05:58:30Z,2026-06-10T05:58:30Z,0,
2026-06-10T20:01:57.266232,12343,ST.COM. RAGUSA-S.CROCE CAMERINA,AgipEni,SERVIZI E GESTIONI ZENIT S.R.L. IN SIGLA - ZENIT S.R.L.,STRADA COM. EX SP RG-S.C.CAMERINA - 97100 RAGUSA (RG),RAGUSA,RG,36.903994687315844,14.684144463122948,Blue Diesel,20,2.338,False,2026-06-10T05:58:30Z,2026-06-10T05:58:30Z,0,
2026-06-10T20:01:57.266232,12343,ST.COM. RAGUSA-S.CROCE CAMERINA,AgipEni,SERVIZI E GESTIONI ZENIT S.R.L. IN SIGLA - ZENIT S.R.L.,STRADA COM. EX SP RG-S.C.CAMERINA - 97100 RAGUSA (RG),RAGUSA,RG,36.903994687315844,14.684144463122948,Blue Diesel,20,2.128,True,2026-06-10T05:58:30Z,2026-06-10T05:58:30Z,0,
2026-06-10T20:01:57.266232,5063,SS 115 MONACHELLA SUD,AgipEni,SERVIZI E GESTIONI ZENIT S.R.L. IN SIGLA - ZENIT S.R.L.,"VIA SS115 KM317,413 GELA-SR DX SNC - 97100 RAGUSA (RG)",RAGUSA,RG,36.92380072904993,14.669393252639793,Benzina,1,2.109,False,2026-06-10T05:58:29Z,2026-06-10T05:58:29Z,0,
2026-06-10T20:01:57.266232,5063,SS 115 MONACHELLA SUD,AgipEni,SERVIZI E GESTIONI ZENIT S.R.L. IN SIGLA - ZENIT S.R.L.,"VIA SS115 KM317,413 GELA-SR DX SNC - 97100 RAGUSA (RG)",RAGUSA,RG,36.92380072904993,14.669393252639793,Benzina,1,1.899,True,2026-06-10T05:58:29Z,2026-06-10T05:58:29Z,0,
2026-06-10T20:01:57.266232,5063,SS 115 MONACHELLA SUD,AgipEni,SERVIZI E GESTIONI ZENIT S.R.L. IN SIGLA - ZENIT S.R.L.,"VIA SS115 KM317,413 GELA-SR DX SNC - 97100 RAGUSA (RG)",RAGUSA,RG,36.92380072904993,14.669393252639793,Gasolio,2,2.239,False,2026-06-10T05:58:29Z,2026-06-10T05:58:29Z,0,
2026-06-10T20:01:57.266232,5063,SS 115 MONACHELLA SUD,AgipEni,SERVIZI E GESTIONI ZENIT S.R.L. IN SIGLA - ZENIT S.R.L.,"VIA SS115 KM317,413 GELA-SR DX SNC - 97100 RAGUSA (RG)",RAGUSA,RG,36.92380072904993,14.669393252639793,Gasolio,2,2.029,True,2026-06-10T05:58:29Z,2026-06-10T05:58:29Z,0,
2026-06-10T20:01:57.266232,5063,SS 115 MONACHELLA SUD,AgipEni,SERVIZI E GESTIONI ZENIT S.R.L. IN SIGLA - ZENIT S.R.L.,"VIA SS115 KM317,413 GELA-SR DX SNC - 97100 RAGUSA (RG)",RAGUSA,RG,36.92380072904993,14.669393252639793,Metano,3,1.799,False,2026-06-10T05:58:29Z,2026-06-10T05:58:29Z,0,
2026-06-10T20:01:57.266232,7689,SS 115 MONACHELLA NORD,AgipEni,SERVIZI E GESTIONI ZENIT S.R.L. IN SIGLA - ZENIT S.R.L.,"VIA SS115 KM317,038 C.MONACHEL SNC - 97100 RAGUSA (RG)",RAGUSA,RG,36.92380716180635,14.671117913036369,Benzina,1,2.109,False,2026-06-10T05:58:29Z,2026-06-10T05:58:29Z,0,
2026-06-10T20:01:57.266232,7689,SS 115 MONACHELLA NORD,AgipEni,SERVIZI E GESTIONI ZENIT S.R.L. IN SIGLA - ZENIT S.R.L.,"VIA SS115 KM317,038 C.MONACHEL SNC - 97100 RAGUSA (RG)",RAGUSA,RG,36.92380716180635,14.671117913036369,Benzina,1,1.899,True,2026-06-10T05:58:29Z,2026-06-10T05:58:29Z,0,
2026-06-10T20:01:57.266232,7689,SS 115 MONACHELLA NORD,AgipEni,SERVIZI E GESTIONI ZENIT S.R.L. IN SIGLA - ZENIT S.R.L.,"VIA SS115 KM317,038 C.MONACHEL SNC - 97100 RAGUSA (RG)",RAGUSA,RG,36.92380716180635,14.671117913036369,Gasolio,2,2.239,False,2026-06-10T05:58:29Z,2026-06-10T05:58:29Z,0,
2026-06-10T20:01:57.266232,7689,SS 115 MONACHELLA NORD,AgipEni,SERVIZI E GESTIONI ZENIT S.R.L. IN SIGLA - ZENIT S.R.L.,"VIA SS115 KM317,038 C.MONACHEL SNC - 97100 RAGUSA (RG)",RAGUSA,RG,36.92380716180635,14.671117913036369,Gasolio,2,2.029,True,2026-06-10T05:58:29Z,2026-06-10T05:58:29Z,0,
2026-06-10T20:01:57.266232,12300,VIALE DELLE AMERICHE C/O IPERCOOP,AgipEni,SERVIZI E GESTIONI ZENIT S.R.L. IN SIGLA - ZENIT S.R.L.,VIALE DELLE AMERICHE SNC - 97100 RAGUSA (RG),RAGUSA,RG,36.93828561582149,14.66000314617156,Benzina,1,2.099,False,2026-06-10T05:58:29Z,2026-06-10T05:58:29Z,0,
2026-06-10T20:01:57.266232,12300,VIALE DELLE AMERICHE C/O IPERCOOP,AgipEni,SERVIZI E GESTIONI ZENIT S.R.L. IN SIGLA - ZENIT S.R.L.,VIALE DELLE AMERICHE SNC - 97100 RAGUSA (RG),RAGUSA,RG,36.93828561582149,14.66000314617156,Benzina,1,1.889,True,2026-06-10T05:58:29Z,2026-06-10T05:58:29Z,0,
2026-06-10T20:01:57.266232,12300,VIALE DELLE AMERICHE C/O IPERCOOP,AgipEni,SERVIZI E GESTIONI ZENIT S.R.L. IN SIGLA - ZENIT S.R.L.,VIALE DELLE AMERICHE SNC - 97100 RAGUSA (RG),RAGUSA,RG,36.93828561582149,14.66000314617156,Gasolio,2,2.239,False,2026-06-10T05:58:29Z,2026-06-10T05:58:29Z,0,
2026-06-10T20:01:57.266232,12300,VIALE DELLE AMERICHE C/O IPERCOOP,AgipEni,SERVIZI E GESTIONI ZENIT S.R.L. IN SIGLA - ZENIT S.R.L.,VIALE DELLE AMERICHE SNC - 97100 RAGUSA (RG),RAGUSA,RG,36.93828561582149,14.66000314617156,Gasolio,2,2.029,True,2026-06-10T05:58:29Z,2026-06-10T05:58:29Z,0,
2026-06-10T20:01:57.266232,7694,SS 115 KM335+800,AgipEni,SERVIZI E GESTIONI ZENIT S.R.L. IN SIGLA - ZENIT S.R.L.,STRADA COM.LE INT. EX SS115 KM335 SNC - 97015 MODICA (RG),MODICA,RG,36.85314895185081,14.749516776790642,Benzina,1,2.109,False,2026-06-10T05:58:28Z,2026-06-10T05:58:28Z,0,
2026-06-10T20:01:57.266232,7694,SS 115 KM335+800,AgipEni,SERVIZI E GESTIONI ZENIT S.R.L. IN SIGLA - ZENIT S.R.L.,STRADA COM.LE INT. EX SS115 KM335 SNC - 97015 MODICA (RG),MODICA,RG,36.85314895185081,14.749516776790642,Benzina,1,1.899,True,2026-06-10T05:58:28Z,2026-06-10T05:58:28Z,0,
2026-06-10T20:01:57.266232,7694,SS 115 KM335+800,AgipEni,SERVIZI E GESTIONI ZENIT S.R.L. IN SIGLA - ZENIT S.R.L.,STRADA COM.LE INT. EX SS115 KM335 SNC - 97015 MODICA (RG),MODICA,RG,36.85314895185081,14.749516776790642,Gasolio,2,2.239,False,2026-06-10T05:58:28Z,2026-06-10T05:58:28Z,0,
2026-06-10T20:01:57.266232,7694,SS 115 KM335+800,AgipEni,SERVIZI E GESTIONI ZENIT S.R.L. IN SIGLA - ZENIT S.R.L.,STRADA COM.LE INT. EX SS115 KM335 SNC - 97015 MODICA (RG),MODICA,RG,36.85314895185081,14.749516776790642,Gasolio,2,2.029,True,2026-06-10T05:58:28Z,2026-06-10T05:58:28Z,0,
2026-06-10T20:01:57.266232,7694,SS 115 KM335+800,AgipEni,SERVIZI E GESTIONI ZENIT S.R.L. IN SIGLA - ZENIT S.R.L.,STRADA COM.LE INT. EX SS115 KM335 SNC - 97015 MODICA (RG),MODICA,RG,36.85314895185081,14.749516776790642,Blue Diesel,20,2.46,False,2026-06-10T05:58:28Z,2026-06-10T05:58:28Z,0,
2026-06-10T20:01:57.266232,7694,SS 115 KM335+800,AgipEni,SERVIZI E GESTIONI ZENIT S.R.L. IN SIGLA - ZENIT S.R.L.,STRADA COM.LE INT. EX SS115 KM335 SNC - 97015 MODICA (RG),MODICA,RG,36.85314895185081,14.749516776790642,Blue Diesel,20,2.25,True,2026-06-10T05:58:28Z,2026-06-10T05:58:28Z,0,
2026-06-10T20:01:57.266232,58595,19898  RAGUSA ,AgipEni,ENIMOOV S.P.A.,"VIA A. GRANDI - EX ZONA INDUSTRIALE,  SNC - RAGUSA (RG)",RAGUSA,RG,36.910156,14.722973,Benzina,1,2.109,False,2026-06-10T05:56:31Z,2026-06-10T05:56:30Z,0,
2026-06-10T20:01:57.266232,58595,19898  RAGUSA ,AgipEni,ENIMOOV S.P.A.,"VIA A. GRANDI - EX ZONA INDUSTRIALE,  SNC - RAGUSA (RG)",RAGUSA,RG,36.910156,14.722973,Benzina,1,1.889,True,2026-06-10T05:56:31Z,2026-06-10T05:56:30Z,0,
2026-06-10T20:01:57.266232,58595,19898  RAGUSA ,AgipEni,ENIMOOV S.P.A.,"VIA A. GRANDI - EX ZONA INDUSTRIALE,  SNC - RAGUSA (RG)",RAGUSA,RG,36.910156,14.722973,Gasolio,2,2.239,False,2026-06-10T05:56:31Z,2026-06-10T05:56:30Z,0,
2026-06-10T20:01:57.266232,58595,19898  RAGUSA ,AgipEni,ENIMOOV S.P.A.,"VIA A. GRANDI - EX ZONA INDUSTRIALE,  SNC - RAGUSA (RG)",RAGUSA,RG,36.910156,14.722973,Gasolio,2,2.019,True,2026-06-10T05:56:31Z,2026-06-10T05:56:30Z,0,
2026-06-10T20:01:57.266232,58595,19898  RAGUSA ,AgipEni,ENIMOOV S.P.A.,"VIA A. GRANDI - EX ZONA INDUSTRIALE,  SNC - RAGUSA (RG)",RAGUSA,RG,36.910156,14.722973,Blue Diesel,20,2.339,False,2026-06-10T05:56:31Z,2026-06-10T05:56:30Z,0,
2026-06-10T20:01:57.266232,58595,19898  RAGUSA ,AgipEni,ENIMOOV S.P.A.,"VIA A. GRANDI - EX ZONA INDUSTRIALE,  SNC - RAGUSA (RG)",RAGUSA,RG,36.910156,14.722973,Blue Diesel,20,2.119,True,2026-06-10T05:56:31Z,2026-06-10T05:56:30Z,0,
2026-06-10T20:01:57.266232,6779,RAGUSA V.LE EUROPA,Q8,SERVIZI & GESTIONI ITALIA S.R.L.,V.LE EUROPA SNC - 97100 RAGUSA (RG),RAGUSA,RG,36.92984565687,14.715139574868772,Benzina,1,1.899,True,2026-06-10T05:19:15Z,2026-06-10T05:19:15Z,0,
2026-06-10T20:01:57.266232,6779,RAGUSA V.LE EUROPA,Q8,SERVIZI & GESTIONI ITALIA S.R.L.,V.LE EUROPA SNC - 97100 RAGUSA (RG),RAGUSA,RG,36.92984565687,14.715139574868772,Gasolio,2,2.009,True,2026-06-10T05:19:15Z,2026-06-10T05:19:15Z,0,
2026-06-10T20:01:57.266232,22286,RAGUSA ZONA INDUSTRIALE,Q8,SERVIZI & GESTIONI ITALIA S.R.L.,ZONA INDUSTRIALE - 97100 RAGUSA (RG),RAGUSA,RG,36.91499535347901,14.724948024249898,Benzina,1,1.899,True,2026-06-10T05:19:14Z,2026-06-10T05:19:14Z,0,
2026-06-10T20:01:57.266232,22286,RAGUSA ZONA INDUSTRIALE,Q8,SERVIZI & GESTIONI ITALIA S.R.L.,ZONA INDUSTRIALE - 97100 RAGUSA (RG),RAGUSA,RG,36.91499535347901,14.724948024249898,Gasolio,2,2.009,True,2026-06-10T05:19:14Z,2026-06-10T05:19:14Z,0,
2026-06-10T20:01:57.266232,36516,Q8,Q8,F.LLI CAPPUZZELLO S.A.S DI CAPPUZZELLO VINCENZO & C.,via ettore fieramosca 250 - 97100 RAGUSA (RG),RAGUSA,RG,36.90657054797069,14.692269265651703,Benzina,1,2.109,False,2026-06-10T05:11:26Z,2026-06-10T05:11:25Z,0,
2026-06-10T20:01:57.266232,36516,Q8,Q8,F.LLI CAPPUZZELLO S.A.S DI CAPPUZZELLO VINCENZO & C.,via ettore fieramosca 250 - 97100 RAGUSA (RG),RAGUSA,RG,36.90657054797069,14.692269265651703,Benzina,1,1.899,True,2026-06-10T05:11:26Z,2026-06-10T05:11:25Z,0,
2026-06-10T20:01:57.266232,36516,Q8,Q8,F.LLI CAPPUZZELLO S.A.S DI CAPPUZZELLO VINCENZO & C.,via ettore fieramosca 250 - 97100 RAGUSA (RG),RAGUSA,RG,36.90657054797069,14.692269265651703,Gasolio,2,2.219,False,2026-06-10T05:11:26Z,2026-06-10T05:11:25Z,0,
2026-06-10T20:01:57.266232,36516,Q8,Q8,F.LLI CAPPUZZELLO S.A.S DI CAPPUZZELLO VINCENZO & C.,via ettore fieramosca 250 - 97100 RAGUSA (RG),RAGUSA,RG,36.90657054797069,14.692269265651703,Gasolio,2,2.009,True,2026-06-10T05:11:26Z,2026-06-10T05:11:25Z,0,
2026-06-10T20:01:57.266232,36516,Q8,Q8,F.LLI CAPPUZZELLO S.A.S DI CAPPUZZELLO VINCENZO & C.,via ettore fieramosca 250 - 97100 RAGUSA (RG),RAGUSA,RG,36.90657054797069,14.692269265651703,Hi-Q Diesel,6,2.581,False,2026-06-10T05:11:26Z,2026-06-10T05:11:25Z,0,
2026-06-10T20:01:57.266232,36516,Q8,Q8,F.LLI CAPPUZZELLO S.A.S DI CAPPUZZELLO VINCENZO & C.,via ettore fieramosca 250 - 97100 RAGUSA (RG),RAGUSA,RG,36.90657054797069,14.692269265651703,Hi-Q Diesel,6,2.421,True,2026-06-10T05:11:26Z,2026-06-10T05:11:25Z,0,
2026-06-10T20:01:57.266232,20050,ZONA INDUSTRIALE 3° FASE RG,Esso,SERVIZI E GESTIONI ZENIT S.R.L. IN SIGLA - ZENIT S.R.L.,ZONA INDUSTRIALE 3° FASE RG - 97100 RAGUSA (RG),RAGUSA,RG,36.89822044971721,14.702753533729492,Benzina,1,2.108,False,2026-06-10T03:58:56Z,2026-06-10T03:58:56Z,0,
2026-06-10T20:01:57.266232,20050,ZONA INDUSTRIALE 3° FASE RG,Esso,SERVIZI E GESTIONI ZENIT S.R.L. IN SIGLA - ZENIT S.R.L.,ZONA INDUSTRIALE 3° FASE RG - 97100 RAGUSA (RG),RAGUSA,RG,36.89822044971721,14.702753533729492,Benzina,1,1.898,True,2026-06-10T03:58:56Z,2026-06-10T03:58:56Z,0,
2026-06-10T20:01:57.266232,20050,ZONA INDUSTRIALE 3° FASE RG,Esso,SERVIZI E GESTIONI ZENIT S.R.L. IN SIGLA - ZENIT S.R.L.,ZONA INDUSTRIALE 3° FASE RG - 97100 RAGUSA (RG),RAGUSA,RG,36.89822044971721,14.702753533729492,Gasolio,2,2.238,False,2026-06-10T03:58:56Z,2026-06-10T03:58:56Z,0,
2026-06-10T20:01:57.266232,20050,ZONA INDUSTRIALE 3° FASE RG,Esso,SERVIZI E GESTIONI ZENIT S.R.L. IN SIGLA - ZENIT S.R.L.,ZONA INDUSTRIALE 3° FASE RG - 97100 RAGUSA (RG),RAGUSA,RG,36.89822044971721,14.702753533729492,Gasolio,2,2.028,True,2026-06-10T03:58:56Z,2026-06-10T03:58:56Z,0,
2026-06-10T20:01:57.266232,7698,SS 115 KM335+650,Esso,SERVIZI E GESTIONI ZENIT S.R.L. IN SIGLA - ZENIT S.R.L.,"Statale 115 Sud Occidentale Sicula, Km. 335+650, dir. MODICA - - 97015 MODICA (RG)",MODICA,RG,36.85345784037247,14.748680858791317,Benzina,1,2.109,False,2026-06-10T03:58:55Z,2026-06-10T03:58:55Z,0,
2026-06-10T20:01:57.266232,7698,SS 115 KM335+650,Esso,SERVIZI E GESTIONI ZENIT S.R.L. IN SIGLA - ZENIT S.R.L.,"Statale 115 Sud Occidentale Sicula, Km. 335+650, dir. MODICA - - 97015 MODICA (RG)",MODICA,RG,36.85345784037247,14.748680858791317,Benzina,1,1.899,True,2026-06-10T03:58:55Z,2026-06-10T03:58:55Z,0,
2026-06-10T20:01:57.266232,7698,SS 115 KM335+650,Esso,SERVIZI E GESTIONI ZENIT S.R.L. IN SIGLA - ZENIT S.R.L.,"Statale 115 Sud Occidentale Sicula, Km. 335+650, dir. MODICA - - 97015 MODICA (RG)",MODICA,RG,36.85345784037247,14.748680858791317,Gasolio,2,2.239,False,2026-06-10T03:58:55Z,2026-06-10T03:58:55Z,0,
2026-06-10T20:01:57.266232,7698,SS 115 KM335+650,Esso,SERVIZI E GESTIONI ZENIT S.R.L. IN SIGLA - ZENIT S.R.L.,"Statale 115 Sud Occidentale Sicula, Km. 335+650, dir. MODICA - - 97015 MODICA (RG)",MODICA,RG,36.85345784037247,14.748680858791317,Gasolio,2,2.029,True,2026-06-10T03:58:55Z,2026-06-10T03:58:55Z,0,
2026-06-10T20:01:57.266232,7698,SS 115 KM335+650,Esso,SERVIZI E GESTIONI ZENIT S.R.L. IN SIGLA - ZENIT S.R.L.,"Statale 115 Sud Occidentale Sicula, Km. 335+650, dir. MODICA - - 97015 MODICA (RG)",MODICA,RG,36.85345784037247,14.748680858791317,Supreme Diesel,327,2.339,False,2026-06-10T03:58:55Z,2026-06-10T03:58:55Z,0,
2026-06-10T20:01:57.266232,7698,SS 115 KM335+650,Esso,SERVIZI E GESTIONI ZENIT S.R.L. IN SIGLA - ZENIT S.R.L.,"Statale 115 Sud Occidentale Sicula, Km. 335+650, dir. MODICA - - 97015 MODICA (RG)",MODICA,RG,36.85345784037247,14.748680858791317,Supreme Diesel,327,2.129,True,2026-06-10T03:58:55Z,2026-06-10T03:58:55Z,0,
2026-06-10T20:01:57.266232,39867,VIA GIANFORMA (FRAZ. FRIGINTINI),Giap,SERVIZI E GESTIONI ZENIT S.R.L. IN SIGLA - ZENIT S.R.L.,VIA GIANFORMA (FRAZ. FRIGINTINI) 82 - 97010 MODICA (RG),MODICA,RG,36.92632315992283,14.834333136677742,Benzina,1,2.129,False,2026-06-10T03:58:55Z,2026-06-10T03:58:55Z,0,
2026-06-10T20:01:57.266232,39867,VIA GIANFORMA (FRAZ. FRIGINTINI),Giap,SERVIZI E GESTIONI ZENIT S.R.L. IN SIGLA - ZENIT S.R.L.,VIA GIANFORMA (FRAZ. FRIGINTINI) 82 - 97010 MODICA (RG),MODICA,RG,36.92632315992283,14.834333136677742,Benzina,1,1.919,True,2026-06-10T03:58:55Z,2026-06-10T03:58:55Z,0,
2026-06-10T20:01:57.266232,39867,VIA GIANFORMA (FRAZ. FRIGINTINI),Giap,SERVIZI E GESTIONI ZENIT S.R.L. IN SIGLA - ZENIT S.R.L.,VIA GIANFORMA (FRAZ. FRIGINTINI) 82 - 97010 MODICA (RG),MODICA,RG,36.92632315992283,14.834333136677742,Gasolio,2,2.249,False,2026-06-10T03:58:55Z,2026-06-10T03:58:55Z,0,
2026-06-10T20:01:57.266232,39867,VIA GIANFORMA (FRAZ. FRIGINTINI),Giap,SERVIZI E GESTIONI ZENIT S.R.L. IN SIGLA - ZENIT S.R.L.,VIA GIANFORMA (FRAZ. FRIGINTINI) 82 - 97010 MODICA (RG),MODICA,RG,36.92632315992283,14.834333136677742,Gasolio,2,2.039,True,2026-06-10T03:58:55Z,2026-06-10T03:58:55Z,0,
2026-06-10T20:01:57.266232,39867,VIA GIANFORMA (FRAZ. FRIGINTINI),Giap,SERVIZI E GESTIONI ZENIT S.R.L. IN SIGLA - ZENIT S.R.L.,VIA GIANFORMA (FRAZ. FRIGINTINI) 82 - 97010 MODICA (RG),MODICA,RG,36.92632315992283,14.834333136677742,Gasolio Prestazionale,402,2.349,False,2026-06-10T03:58:55Z,2026-06-10T03:58:55Z,0,
2026-06-10T20:01:57.266232,39867,VIA GIANFORMA (FRAZ. FRIGINTINI),Giap,SERVIZI E GESTIONI ZENIT S.R.L. IN SIGLA - ZENIT S.R.L.,VIA GIANFORMA (FRAZ. FRIGINTINI) 82 - 97010 MODICA (RG),MODICA,RG,36.92632315992283,14.834333136677742,Gasolio Prestazionale,402,2.139,True,2026-06-10T03:58:55Z,2026-06-10T03:58:55Z,0,
2026-06-10T20:01:57.266232,43465,VIA G. DI VITTORIO - RAGUSA,Giap,SERVIZI E GESTIONI ZENIT S.R.L. IN SIGLA - ZENIT S.R.L.,VIA G. DI VITTORIO ANGOLO VIA EPICARMO - 97100 RAGUSA (RG),RAGUSA,RG,36.912529680616736,14.724013209342957,Benzina,1,1.898,False,2026-06-10T03:58:55Z,2026-06-10T03:58:55Z,0,
2026-06-10T20:01:57.266232,43465,VIA G. DI VITTORIO - RAGUSA,Giap,SERVIZI E GESTIONI ZENIT S.R.L. IN SIGLA - ZENIT S.R.L.,VIA G. DI VITTORIO ANGOLO VIA EPICARMO - 97100 RAGUSA (RG),RAGUSA,RG,36.912529680616736,14.724013209342957,Benzina,1,1.898,True,2026-06-10T03:58:55Z,2026-06-10T03:58:55Z,0,
2026-06-10T20:01:57.266232,43465,VIA G. DI VITTORIO - RAGUSA,Giap,SERVIZI E GESTIONI ZENIT S.R.L. IN SIGLA - ZENIT S.R.L.,VIA G. DI VITTORIO ANGOLO VIA EPICARMO - 97100 RAGUSA (RG),RAGUSA,RG,36.912529680616736,14.724013209342957,Gasolio,2,2.038,False,2026-06-10T03:58:55Z,2026-06-10T03:58:55Z,0,
2026-06-10T20:01:57.266232,43465,VIA G. DI VITTORIO - RAGUSA,Giap,SERVIZI E GESTIONI ZENIT S.R.L. IN SIGLA - ZENIT S.R.L.,VIA G. DI VITTORIO ANGOLO VIA EPICARMO - 97100 RAGUSA (RG),RAGUSA,RG,36.912529680616736,14.724013209342957,Gasolio,2,2.038,True,2026-06-10T03:58:55Z,2026-06-10T03:58:55Z,0,
2026-06-10T20:01:57.266232,12365,C.DA POZZO CASSERO MODICA,Giap,SERVIZI E GESTIONI ZENIT S.R.L. IN SIGLA - ZENIT S.R.L.,EX SP 28 MODICA - NOTO - 97010 MODICA (RG),MODICA,RG,36.89264919492837,14.824061787696792,Benzina,1,1.899,False,2026-06-10T03:58:54Z,2026-06-10T03:58:54Z,0,
2026-06-10T20:01:57.266232,12365,C.DA POZZO CASSERO MODICA,Giap,SERVIZI E GESTIONI ZENIT S.R.L. IN SIGLA - ZENIT S.R.L.,EX SP 28 MODICA - NOTO - 97010 MODICA (RG),MODICA,RG,36.89264919492837,14.824061787696792,Benzina,1,1.899,True,2026-06-10T03:58:54Z,2026-06-10T03:58:54Z,0,
2026-06-10T20:01:57.266232,12365,C.DA POZZO CASSERO MODICA,Giap,SERVIZI E GESTIONI ZENIT S.R.L. IN SIGLA - ZENIT S.R.L.,EX SP 28 MODICA - NOTO - 97010 MODICA (RG),MODICA,RG,36.89264919492837,14.824061787696792,Gasolio,2,2.019,False,2026-06-10T03:58:54Z,2026-06-10T03:58:54Z,0,
2026-06-10T20:01:57.266232,12365,C.DA POZZO CASSERO MODICA,Giap,SERVIZI E GESTIONI ZENIT S.R.L. IN SIGLA - ZENIT S.R.L.,EX SP 28 MODICA - NOTO - 97010 MODICA (RG),MODICA,RG,36.89264919492837,14.824061787696792,Gasolio,2,2.019,True,2026-06-10T03:58:54Z,2026-06-10T03:58:54Z,0,
2026-06-10T20:01:57.266232,12316,VIA ARCHIMEDE RG,Giap,SERVIZI E GESTIONI ZENIT S.R.L. IN SIGLA - ZENIT S.R.L.,VIA ARCHIMEDE SNC - 97100 RAGUSA (RG),RAGUSA,RG,36.91749100157409,14.725149330024692,Benzina,1,1.899,False,2026-06-10T03:58:53Z,2026-06-10T03:58:53Z,0,
2026-06-10T20:01:57.266232,12316,VIA ARCHIMEDE RG,Giap,SERVIZI E GESTIONI ZENIT S.R.L. IN SIGLA - ZENIT S.R.L.,VIA ARCHIMEDE SNC - 97100 RAGUSA (RG),RAGUSA,RG,36.91749100157409,14.725149330024692,Benzina,1,1.899,True,2026-06-10T03:58:53Z,2026-06-10T03:58:53Z,0,
2026-06-10T20:01:57.266232,12316,VIA ARCHIMEDE RG,Giap,SERVIZI E GESTIONI ZENIT S.R.L. IN SIGLA - ZENIT S.R.L.,VIA ARCHIMEDE SNC - 97100 RAGUSA (RG),RAGUSA,RG,36.91749100157409,14.725149330024692,Gasolio,2,2.029,False,2026-06-10T03:58:53Z,2026-06-10T03:58:53Z,0,
2026-06-10T20:01:57.266232,12316,VIA ARCHIMEDE RG,Giap,SERVIZI E GESTIONI ZENIT S.R.L. IN SIGLA - ZENIT S.R.L.,VIA ARCHIMEDE SNC - 97100 RAGUSA (RG),RAGUSA,RG,36.91749100157409,14.725149330024692,Gasolio,2,2.029,True,2026-06-10T03:58:53Z,2026-06-10T03:58:53Z,0,
2026-06-10T20:01:57.266232,12354,VIA CARDUCCI ANG. VIA ARCHIMEDE RG,Giap,SERVIZI E GESTIONI ZENIT S.R.L. IN SIGLA - ZENIT S.R.L.,VIA CARDUCCI ANG. VIA ARCHIMEDE - 97100 RAGUSA (RG),RAGUSA,RG,36.919889493245925,14.72296522817237,Benzina,1,1.899,False,2026-06-10T03:58:53Z,2026-06-10T03:58:53Z,0,
2026-06-10T20:01:57.266232,12354,VIA CARDUCCI ANG. VIA ARCHIMEDE RG,Giap,SERVIZI E GESTIONI ZENIT S.R.L. IN SIGLA - ZENIT S.R.L.,VIA CARDUCCI ANG. VIA ARCHIMEDE - 97100 RAGUSA (RG),RAGUSA,RG,36.919889493245925,14.72296522817237,Benzina,1,1.899,True,2026-06-10T03:58:53Z,2026-06-10T03:58:53Z,0,
2026-06-10T20:01:57.266232,12354,VIA CARDUCCI ANG. VIA ARCHIMEDE RG,Giap,SERVIZI E GESTIONI ZENIT S.R.L. IN SIGLA - ZENIT S.R.L.,VIA CARDUCCI ANG. VIA ARCHIMEDE - 97100 RAGUSA (RG),RAGUSA,RG,36.919889493245925,14.72296522817237,Gasolio,2,2.029,False,2026-06-10T03:58:53Z,2026-06-10T03:58:53Z,0,
2026-06-10T20:01:57.266232,12354,VIA CARDUCCI ANG. VIA ARCHIMEDE RG,Giap,SERVIZI E GESTIONI ZENIT S.R.L. IN SIGLA - ZENIT S.R.L.,VIA CARDUCCI ANG. VIA ARCHIMEDE - 97100 RAGUSA (RG),RAGUSA,RG,36.919889493245925,14.72296522817237,Gasolio,2,2.029,True,2026-06-10T03:58:53Z,2026-06-10T03:58:53Z,0,
2026-06-10T20:01:57.266232,12310,VIA RISORGIMENTO RAGUSA,Giap,SERVIZI E GESTIONI ZENIT S.R.L. IN SIGLA - ZENIT S.R.L.,VIA RISORGIMENTO SNC - 97100 RAGUSA (RG),RAGUSA,RG,36.917902089819165,14.731859682209006,Benzina,1,1.899,False,2026-06-10T03:58:52Z,2026-06-10T03:58:52Z,0,
2026-06-10T20:01:57.266232,12310,VIA RISORGIMENTO RAGUSA,Giap,SERVIZI E GESTIONI ZENIT S.R.L. IN SIGLA - ZENIT S.R.L.,VIA RISORGIMENTO SNC - 97100 RAGUSA (RG),RAGUSA,RG,36.917902089819165,14.731859682209006,Benzina,1,1.899,True,2026-06-10T03:58:52Z,2026-06-10T03:58:52Z,0,
2026-06-10T20:01:57.266232,12310,VIA RISORGIMENTO RAGUSA,Giap,SERVIZI E GESTIONI ZENIT S.R.L. IN SIGLA - ZENIT S.R.L.,VIA RISORGIMENTO SNC - 97100 RAGUSA (RG),RAGUSA,RG,36.917902089819165,14.731859682209006,Gasolio,2,2.029,False,2026-06-10T03:58:52Z,2026-06-10T03:58:52Z,0,
2026-06-10T20:01:57.266232,12310,VIA RISORGIMENTO RAGUSA,Giap,SERVIZI E GESTIONI ZENIT S.R.L. IN SIGLA - ZENIT S.R.L.,VIA RISORGIMENTO SNC - 97100 RAGUSA (RG),RAGUSA,RG,36.917902089819165,14.731859682209006,Gasolio,2,2.029,True,2026-06-10T03:58:52Z,2026-06-10T03:58:52Z,0,
2026-06-10T20:01:57.266232,12338,VIA SCHININA' RG,Giap,SERVIZI E GESTIONI ZENIT S.R.L. IN SIGLA - ZENIT S.R.L.,VIA M. SCHININA' SNC - 97100 RAGUSA (RG),RAGUSA,RG,36.925107787723434,14.721404152114928,Benzina,1,1.899,False,2026-06-10T03:58:52Z,2026-06-10T03:58:52Z,0,
2026-06-10T20:01:57.266232,12338,VIA SCHININA' RG,Giap,SERVIZI E GESTIONI ZENIT S.R.L. IN SIGLA - ZENIT S.R.L.,VIA M. SCHININA' SNC - 97100 RAGUSA (RG),RAGUSA,RG,36.925107787723434,14.721404152114928,Benzina,1,1.899,True,2026-06-10T03:58:52Z,2026-06-10T03:58:52Z,0,
2026-06-10T20:01:57.266232,12338,VIA SCHININA' RG,Giap,SERVIZI E GESTIONI ZENIT S.R.L. IN SIGLA - ZENIT S.R.L.,VIA M. SCHININA' SNC - 97100 RAGUSA (RG),RAGUSA,RG,36.925107787723434,14.721404152114928,Gasolio,2,2.029,False,2026-06-10T03:58:52Z,2026-06-10T03:58:52Z,0,
2026-06-10T20:01:57.266232,12338,VIA SCHININA' RG,Giap,SERVIZI E GESTIONI ZENIT S.R.L. IN SIGLA - ZENIT S.R.L.,VIA M. SCHININA' SNC - 97100 RAGUSA (RG),RAGUSA,RG,36.925107787723434,14.721404152114928,Gasolio,2,2.029,True,2026-06-10T03:58:52Z,2026-06-10T03:58:52Z,0,
2026-06-10T20:01:57.266232,30451,VIA ROMA MODICA ALTA,Giap,SERVIZI E GESTIONI ZENIT S.R.L. IN SIGLA - ZENIT S.R.L.,VIA ROMA 96/B - 97015 MODICA (RG),MODICA,RG,36.87114071254748,14.762903898954391,Benzina,1,1.899,False,2026-06-10T03:58:39Z,2026-06-10T03:58:39Z,0,
2026-06-10T20:01:57.266232,30451,VIA ROMA MODICA ALTA,Giap,SERVIZI E GESTIONI ZENIT S.R.L. IN SIGLA - ZENIT S.R.L.,VIA ROMA 96/B - 97015 MODICA (RG),MODICA,RG,36.87114071254748,14.762903898954391,Benzina,1,1.899,True,2026-06-10T03:58:39Z,2026-06-10T03:58:39Z,0,
2026-06-10T20:01:57.266232,30451,VIA ROMA MODICA ALTA,Giap,SERVIZI E GESTIONI ZENIT S.R.L. IN SIGLA - ZENIT S.R.L.,VIA ROMA 96/B - 97015 MODICA (RG),MODICA,RG,36.87114071254748,14.762903898954391,Gasolio,2,2.029,False,2026-06-10T03:58:39Z,2026-06-10T03:58:39Z,0,
2026-06-10T20:01:57.266232,30451,VIA ROMA MODICA ALTA,Giap,SERVIZI E GESTIONI ZENIT S.R.L. IN SIGLA - ZENIT S.R.L.,VIA ROMA 96/B - 97015 MODICA (RG),MODICA,RG,36.87114071254748,14.762903898954391,Gasolio,2,2.029,True,2026-06-10T03:58:39Z,2026-06-10T03:58:39Z,0,
2026-06-10T20:01:57.266232,12328,SP MODICA-GIARRATANA KM 4+300,Giap,SERVIZI E GESTIONI ZENIT S.R.L. IN SIGLA - ZENIT S.R.L.,SP. MODICA-GIARRATANA KM 4+300 - 97015 MODICA (RG),MODICA,RG,36.906703381573244,14.786582008598316,Benzina,1,1.899,False,2026-06-10T03:58:38Z,2026-06-10T03:58:38Z,0,
2026-06-10T20:01:57.266232,12328,SP MODICA-GIARRATANA KM 4+300,Giap,SERVIZI E GESTIONI ZENIT S.R.L. IN SIGLA - ZENIT S.R.L.,SP. MODICA-GIARRATANA KM 4+300 - 97015 MODICA (RG),MODICA,RG,36.906703381573244,14.786582008598316,Benzina,1,1.899,True,2026-06-10T03:58:38Z,2026-06-10T03:58:38Z,0,
2026-06-10T20:01:57.266232,12328,SP MODICA-GIARRATANA KM 4+300,Giap,SERVIZI E GESTIONI ZENIT S.R.L. IN SIGLA - ZENIT S.R.L.,SP. MODICA-GIARRATANA KM 4+300 - 97015 MODICA (RG),MODICA,RG,36.906703381573244,14.786582008598316,Gasolio,2,2.029,False,2026-06-10T03:58:38Z,2026-06-10T03:58:38Z,0,
2026-06-10T20:01:57.266232,12328,SP MODICA-GIARRATANA KM 4+300,Giap,SERVIZI E GESTIONI ZENIT S.R.L. IN SIGLA - ZENIT S.R.L.,SP. MODICA-GIARRATANA KM 4+300 - 97015 MODICA (RG),MODICA,RG,36.906703381573244,14.786582008598316,Gasolio,2,2.029,True,2026-06-10T03:58:38Z,2026-06-10T03:58:38Z,0,
2026-06-10T20:01:57.266232,17717,VIALE D.OLEANDRI,Giap,SERVIZI E GESTIONI ZENIT S.R.L. IN SIGLA - ZENIT S.R.L.,V.LE DEGLI OLEANDRI - 97015 MODICA (RG),MODICA,RG,36.84458840312436,14.765597363090478,Benzina,1,1.899,False,2026-06-10T03:58:38Z,2026-06-10T03:58:38Z,0,
2026-06-10T20:01:57.266232,17717,VIALE D.OLEANDRI,Giap,SERVIZI E GESTIONI ZENIT S.R.L. IN SIGLA - ZENIT S.R.L.,V.LE DEGLI OLEANDRI - 97015 MODICA (RG),MODICA,RG,36.84458840312436,14.765597363090478,Benzina,1,1.899,True,2026-06-10T03:58:38Z,2026-06-10T03:58:38Z,0,
2026-06-10T20:01:57.266232,17717,VIALE D.OLEANDRI,Giap,SERVIZI E GESTIONI ZENIT S.R.L. IN SIGLA - ZENIT S.R.L.,V.LE DEGLI OLEANDRI - 97015 MODICA (RG),MODICA,RG,36.84458840312436,14.765597363090478,Gasolio,2,2.029,False,2026-06-10T03:58:38Z,2026-06-10T03:58:38Z,0,
2026-06-10T20:01:57.266232,17717,VIALE D.OLEANDRI,Giap,SERVIZI E GESTIONI ZENIT S.R.L. IN SIGLA - ZENIT S.R.L.,V.LE DEGLI OLEANDRI - 97015 MODICA (RG),MODICA,RG,36.84458840312436,14.765597363090478,Gasolio,2,2.029,True,2026-06-10T03:58:38Z,2026-06-10T03:58:38Z,0,
2026-06-10T20:01:57.266232,12340,P.ZZA BUOZZI MODICA,Giap,SERVIZI E GESTIONI ZENIT S.R.L. IN SIGLA - ZENIT S.R.L.,PIAZZA B. BUOZZI SNC - 97015 MODICA (RG),MODICA,RG,36.856203330748016,14.759779831115566,Benzina,1,1.899,False,2026-06-10T03:58:37Z,2026-06-10T03:58:37Z,0,
2026-06-10T20:01:57.266232,12340,P.ZZA BUOZZI MODICA,Giap,SERVIZI E GESTIONI ZENIT S.R.L. IN SIGLA - ZENIT S.R.L.,PIAZZA B. BUOZZI SNC - 97015 MODICA (RG),MODICA,RG,36.856203330748016,14.759779831115566,Benzina,1,1.899,True,2026-06-10T03:58:37Z,2026-06-10T03:58:37Z,0,
2026-06-10T20:01:57.266232,12340,P.ZZA BUOZZI MODICA,Giap,SERVIZI E GESTIONI ZENIT S.R.L. IN SIGLA - ZENIT S.R.L.,PIAZZA B. BUOZZI SNC - 97015 MODICA (RG),MODICA,RG,36.856203330748016,14.759779831115566,Gasolio,2,2.029,False,2026-06-10T03:58:37Z,2026-06-10T03:58:37Z,0,
2026-06-10T20:01:57.266232,12340,P.ZZA BUOZZI MODICA,Giap,SERVIZI E GESTIONI ZENIT S.R.L. IN SIGLA - ZENIT S.R.L.,PIAZZA B. BUOZZI SNC - 97015 MODICA (RG),MODICA,RG,36.856203330748016,14.759779831115566,Gasolio,2,2.029,True,2026-06-10T03:58:37Z,2026-06-10T03:58:37Z,0,
2026-06-10T20:01:57.266232,16964,"RAGUSA V.LE DELLE AMERICHE, 212",Q8,SERVIZI & GESTIONI ITALIA S.R.L.,V.LE DELLE AMERICHE 212 - 97100 RAGUSA (RG),RAGUSA,RG,36.92966219722612,14.692901281614695,Benzina,1,1.889,True,2026-06-09T23:40:11Z,2026-06-09T23:40:11Z,0,
2026-06-10T20:01:57.266232,16964,"RAGUSA V.LE DELLE AMERICHE, 212",Q8,SERVIZI & GESTIONI ITALIA S.R.L.,V.LE DELLE AMERICHE 212 - 97100 RAGUSA (RG),RAGUSA,RG,36.92966219722612,14.692901281614695,Gasolio,2,1.999,True,2026-06-09T23:40:11Z,2026-06-09T23:40:11Z,0,
2026-06-10T20:01:57.266232,61502,IB05- IBLEA PETROLI- RAGUSA- LA PIRA,IbleaPetroli,IBLEA PETROLI S.R.L.,Via Giorgio La Pira - 97100 RAGUSA (RG),RAGUSA,RG,36.9170801,14.711638,Benzina,1,1.889,False,2026-06-09T21:43:07Z,2026-06-09T21:43:07Z,0,
2026-06-10T20:01:57.266232,61502,IB05- IBLEA PETROLI- RAGUSA- LA PIRA,IbleaPetroli,IBLEA PETROLI S.R.L.,Via Giorgio La Pira - 97100 RAGUSA (RG),RAGUSA,RG,36.9170801,14.711638,Benzina,1,1.889,True,2026-06-09T21:54:24Z,2026-06-09T21:54:24Z,0,
2026-06-10T20:01:57.266232,61502,IB05- IBLEA PETROLI- RAGUSA- LA PIRA,IbleaPetroli,IBLEA PETROLI S.R.L.,Via Giorgio La Pira - 97100 RAGUSA (RG),RAGUSA,RG,36.9170801,14.711638,Gasolio,2,1.989,False,2026-06-09T21:43:07Z,2026-06-09T21:43:07Z,0,
2026-06-10T20:01:57.266232,61502,IB05- IBLEA PETROLI- RAGUSA- LA PIRA,IbleaPetroli,IBLEA PETROLI S.R.L.,Via Giorgio La Pira - 97100 RAGUSA (RG),RAGUSA,RG,36.9170801,14.711638,Gasolio,2,1.989,True,2026-06-09T21:54:24Z,2026-06-09T21:54:24Z,0,
2026-06-10T20:01:57.266232,55018,108200 RAGUSA,Esso,EGI-2GO S.R.L.,SS 115 KM316+861 SNC - 97100 RAGUSA (RG),RAGUSA,RG,36.934126497058614,14.677256540277819,Benzina,1,1.889,False,2026-06-09T14:05:28Z,2026-06-09T14:05:00Z,0,
2026-06-10T20:01:57.266232,55018,108200 RAGUSA,Esso,EGI-2GO S.R.L.,SS 115 KM316+861 SNC - 97100 RAGUSA (RG),RAGUSA,RG,36.934126497058614,14.677256540277819,Benzina,1,1.889,True,2026-06-09T14:05:28Z,2026-06-09T14:05:00Z,0,
2026-06-10T20:01:57.266232,55018,108200 RAGUSA,Esso,EGI-2GO S.R.L.,SS 115 KM316+861 SNC - 97100 RAGUSA (RG),RAGUSA,RG,36.934126497058614,14.677256540277819,Gasolio,2,2.029,False,2026-06-09T14:05:28Z,2026-06-09T14:05:00Z,0,
2026-06-10T20:01:57.266232,55018,108200 RAGUSA,Esso,EGI-2GO S.R.L.,SS 115 KM316+861 SNC - 97100 RAGUSA (RG),RAGUSA,RG,36.934126497058614,14.677256540277819,Gasolio,2,2.029,True,2026-06-09T14:05:28Z,2026-06-09T14:05:00Z,0,
2026-06-10T20:01:57.266232,55018,108200 RAGUSA,Esso,EGI-2GO S.R.L.,SS 115 KM316+861 SNC - 97100 RAGUSA (RG),RAGUSA,RG,36.934126497058614,14.677256540277819,Supreme Diesel,327,2.229,False,2026-06-09T14:05:28Z,2026-06-09T14:05:00Z,0,
2026-06-10T20:01:57.266232,55018,108200 RAGUSA,Esso,EGI-2GO S.R.L.,SS 115 KM316+861 SNC - 97100 RAGUSA (RG),RAGUSA,RG,36.934126497058614,14.677256540277819,Supreme Diesel,327,2.229,True,2026-06-09T14:05:28Z,2026-06-09T14:05:00Z,0,
2026-06-10T20:01:57.266232,56723,SEPA MODICA,SEPA,"SEBASTIANO PAPPALARDO S.R.L. OD IN FORMA ABBREVIATA ""SEPA S.R.L.""","Strada Statale 115, 335, Modica, RG, Italia - c.da Pisciotto sn - 95032 MODICA (RG)",MODICA,RG,36.8691852354726,14.752034755935481,Benzina,1,1.899,True,2026-06-09T13:54:47Z,2026-06-09T13:53:00Z,1,Bancomat
2026-06-10T20:01:57.266232,56723,SEPA MODICA,SEPA,"SEBASTIANO PAPPALARDO S.R.L. OD IN FORMA ABBREVIATA ""SEPA S.R.L.""","Strada Statale 115, 335, Modica, RG, Italia - c.da Pisciotto sn - 95032 MODICA (RG)",MODICA,RG,36.8691852354726,14.752034755935481,Gasolio,2,2.019,True,2026-06-09T13:54:47Z,2026-06-09T13:53:00Z,1,Bancomat
2026-06-10T20:01:57.266232,60412,NOBILE OIL (RAGUSA),NobileOil,NOBILE ENERGY S.R.L.,Via Diodoro Siculo sn - 97100 RAGUSA (RG),RAGUSA,RG,36.9124991,14.722482,Benzina,1,2.089,False,2026-06-09T11:01:27Z,2026-06-09T11:01:00Z,1,Bancomat
2026-06-10T20:01:57.266232,60412,NOBILE OIL (RAGUSA),NobileOil,NOBILE ENERGY S.R.L.,Via Diodoro Siculo sn - 97100 RAGUSA (RG),RAGUSA,RG,36.9124991,14.722482,Benzina,1,1.889,True,2026-06-09T11:01:27Z,2026-06-09T11:01:00Z,1,Bancomat
2026-06-10T20:01:57.266232,60412,NOBILE OIL (RAGUSA),NobileOil,NOBILE ENERGY S.R.L.,Via Diodoro Siculo sn - 97100 RAGUSA (RG),RAGUSA,RG,36.9124991,14.722482,Gasolio,2,2.319,False,2026-06-09T11:01:27Z,2026-06-09T11:01:00Z,1,Bancomat
2026-06-10T20:01:57.266232,60412,NOBILE OIL (RAGUSA),NobileOil,NOBILE ENERGY S.R.L.,Via Diodoro Siculo sn - 97100 RAGUSA (RG),RAGUSA,RG,36.9124991,14.722482,Gasolio,2,1.969,True,2026-06-09T11:01:27Z,2026-06-09T11:01:00Z,1,Bancomat
2026-06-10T20:01:57.266232,53836,NOBILE OIL (MODICA),NobileOil,NOBILE OIL GROUP S.P.A.,Viale Alcide De Gasperi SN - 97015 MODICA (RG),MODICA,RG,36.8437023,14.7667728,Benzina,1,1.999,False,2026-06-09T06:30:34Z,2026-06-09T06:30:00Z,1,Bancomat
2026-06-10T20:01:57.266232,53836,NOBILE OIL (MODICA),NobileOil,NOBILE OIL GROUP S.P.A.,Viale Alcide De Gasperi SN - 97015 MODICA (RG),MODICA,RG,36.8437023,14.7667728,Gasolio,2,1.999,False,2026-06-09T06:30:34Z,2026-06-09T06:30:00Z,1,Bancomat
2026-06-10T20:01:57.266232,12854,ESSO,Esso,BRACCHITTA GIOVANNI & C. S.N.C.,VIALE SICILIA - 97100 RAGUSA (RG),RAGUSA,RG,36.917633155551336,14.727733433246613,Benzina,1,2.149,False,2026-06-09T03:29:22Z,2026-06-09T03:28:00Z,1,Food&Beverage
2026-06-10T20:01:57.266232,12854,ESSO,Esso,BRACCHITTA GIOVANNI & C. S.N.C.,VIALE SICILIA - 97100 RAGUSA (RG),RAGUSA,RG,36.917633155551336,14.727733433246613,Benzina,1,1.899,True,2026-06-09T03:29:22Z,2026-06-09T03:28:00Z,1,Food&Beverage
2026-06-10T20:01:57.266232,12854,ESSO,Esso,BRACCHITTA GIOVANNI & C. S.N.C.,VIALE SICILIA - 97100 RAGUSA (RG),RAGUSA,RG,36.917633155551336,14.727733433246613,Gasolio,2,2.289,False,2026-06-09T03:29:22Z,2026-06-09T03:28:00Z,1,Food&Beverage
2026-06-10T20:01:57.266232,12854,ESSO,Esso,BRACCHITTA GIOVANNI & C. S.N.C.,VIALE SICILIA - 97100 RAGUSA (RG),RAGUSA,RG,36.917633155551336,14.727733433246613,Gasolio,2,2.039,True,2026-06-09T03:29:22Z,2026-06-09T03:28:00Z,1,Food&Beverage
2026-06-10T20:01:57.266232,12854,ESSO,Esso,BRACCHITTA GIOVANNI & C. S.N.C.,VIALE SICILIA - 97100 RAGUSA (RG),RAGUSA,RG,36.917633155551336,14.727733433246613,Gasolio Premium,10,2.489,False,2026-06-09T03:29:22Z,2026-06-09T03:28:00Z,1,Food&Beverage
2026-06-10T20:01:57.266232,12854,ESSO,Esso,BRACCHITTA GIOVANNI & C. S.N.C.,VIALE SICILIA - 97100 RAGUSA (RG),RAGUSA,RG,36.917633155551336,14.727733433246613,Gasolio Premium,10,2.239,True,2026-06-09T03:29:22Z,2026-06-09T03:28:00Z,1,Food&Beverage
2026-06-10T20:01:57.266232,10719,imp .carburanti lombardo gaspare,Esso,LOMBARDO GASPARE,VIA E. CRISCIONE LUPIS SNC - 97100 RAGUSA (RG),RAGUSA,RG,36.921222690255085,14.720467594011325,Benzina,1,2.029,False,2026-06-08T11:04:47Z,2026-06-08T11:02:00Z,1,Bancomat
2026-06-10T20:01:57.266232,10719,imp .carburanti lombardo gaspare,Esso,LOMBARDO GASPARE,VIA E. CRISCIONE LUPIS SNC - 97100 RAGUSA (RG),RAGUSA,RG,36.921222690255085,14.720467594011325,Benzina,1,1.909,True,2026-06-08T11:04:47Z,2026-06-08T11:02:00Z,1,Bancomat
2026-06-10T20:01:57.266232,10719,imp .carburanti lombardo gaspare,Esso,LOMBARDO GASPARE,VIA E. CRISCIONE LUPIS SNC - 97100 RAGUSA (RG),RAGUSA,RG,36.921222690255085,14.720467594011325,Gasolio,2,2.169,False,2026-06-08T11:04:47Z,2026-06-08T11:02:00Z,1,Bancomat
2026-06-10T20:01:57.266232,10719,imp .carburanti lombardo gaspare,Esso,LOMBARDO GASPARE,VIA E. CRISCIONE LUPIS SNC - 97100 RAGUSA (RG),RAGUSA,RG,36.921222690255085,14.720467594011325,Gasolio,2,2.049,True,2026-06-08T11:04:47Z,2026-06-08T11:02:00Z,1,Bancomat
2026-06-10T20:01:57.266232,55570,TOP SERVICE SRL,Q8,TOP SERVICE S.R.L.,"C.So Vittorio Veneto 753 753 97100, RAGUSA (RG) 753 - 97100 RAGUSA (RG)",RAGUSA,RG,36.92574337104499,14.72717285156242,Benzina,1,2.119,False,2026-06-08T06:50:26Z,2026-06-08T06:47:00Z,1,Food&Beverage
2026-06-10T20:01:57.266232,55570,TOP SERVICE SRL,Q8,TOP SERVICE S.R.L.,"C.So Vittorio Veneto 753 753 97100, RAGUSA (RG) 753 - 97100 RAGUSA (RG)",RAGUSA,RG,36.92574337104499,14.72717285156242,Benzina,1,1.904,True,2026-06-08T06:50:26Z,2026-06-08T06:47:00Z,1,Food&Beverage
2026-06-10T20:01:57.266232,55570,TOP SERVICE SRL,Q8,TOP SERVICE S.R.L.,"C.So Vittorio Veneto 753 753 97100, RAGUSA (RG) 753 - 97100 RAGUSA (RG)",RAGUSA,RG,36.92574337104499,14.72717285156242,Gasolio,2,2.259,False,2026-06-08T06:50:26Z,2026-06-08T06:47:00Z,1,Food&Beverage
2026-06-10T20:01:57.266232,55570,TOP SERVICE SRL,Q8,TOP SERVICE S.R.L.,"C.So Vittorio Veneto 753 753 97100, RAGUSA (RG) 753 - 97100 RAGUSA (RG)",RAGUSA,RG,36.92574337104499,14.72717285156242,Gasolio,2,2.044,True,2026-06-08T06:50:26Z,2026-06-08T06:47:00Z,1,Food&Beverage
2026-06-10T20:01:57.266232,55570,TOP SERVICE SRL,Q8,TOP SERVICE S.R.L.,"C.So Vittorio Veneto 753 753 97100, RAGUSA (RG) 753 - 97100 RAGUSA (RG)",RAGUSA,RG,36.92574337104499,14.72717285156242,Hi-Q Diesel,6,2.509,False,2026-06-08T06:50:26Z,2026-06-08T06:47:00Z,1,Food&Beverage
2026-06-10T20:01:57.266232,55570,TOP SERVICE SRL,Q8,TOP SERVICE S.R.L.,"C.So Vittorio Veneto 753 753 97100, RAGUSA (RG) 753 - 97100 RAGUSA (RG)",RAGUSA,RG,36.92574337104499,14.72717285156242,Hi-Q Diesel,6,2.294,True,2026-06-08T06:50:26Z,2026-06-08T06:47:00Z,1,Food&Beverage
2026-06-10T20:01:57.266232,45851,RG031,EOS,EOS SERVICES S.R.L. A SOCIO UNICO,VIALE DELLE AMERICHE 71 - 97100 RAGUSA (RG),RAGUSA,RG,36.92806637146065,14.700419902801514,Benzina,1,1.899,True,2026-06-05T09:00:05Z,2026-06-05T09:00:05Z,1,Bancomat
2026-06-10T20:01:57.266232,45851,RG031,EOS,EOS SERVICES S.R.L. A SOCIO UNICO,VIALE DELLE AMERICHE 71 - 97100 RAGUSA (RG),RAGUSA,RG,36.92806637146065,14.700419902801514,Gasolio,2,1.969,True,2026-06-05T09:00:05Z,2026-06-05T09:00:05Z,1,Bancomat
2026-06-10T20:01:57.266232,43343,RG033,Q8,EOS SERVICES S.R.L. A SOCIO UNICO,VIA MALFITANO / VIA PALATUCCI 12/14 - 97100 RAGUSA (RG),RAGUSA,RG,36.921534207056354,14.706680178642273,Benzina,1,2.239,False,2026-06-04T11:57:06Z,2026-06-04T11:57:06Z,1,Bancomat
2026-06-10T20:01:57.266232,43343,RG033,Q8,EOS SERVICES S.R.L. A SOCIO UNICO,VIA MALFITANO / VIA PALATUCCI 12/14 - 97100 RAGUSA (RG),RAGUSA,RG,36.921534207056354,14.706680178642273,Benzina,1,1.939,True,2026-06-04T11:57:06Z,2026-06-04T11:57:06Z,1,Bancomat
2026-06-10T20:01:57.266232,43343,RG033,Q8,EOS SERVICES S.R.L. A SOCIO UNICO,VIA MALFITANO / VIA PALATUCCI 12/14 - 97100 RAGUSA (RG),RAGUSA,RG,36.921534207056354,14.706680178642273,Gasolio,2,2.299,False,2026-06-04T11:57:06Z,2026-06-04T11:57:06Z,1,Bancomat
2026-06-10T20:01:57.266232,43343,RG033,Q8,EOS SERVICES S.R.L. A SOCIO UNICO,VIA MALFITANO / VIA PALATUCCI 12/14 - 97100 RAGUSA (RG),RAGUSA,RG,36.921534207056354,14.706680178642273,Gasolio,2,1.999,True,2026-06-04T11:57:06Z,2026-06-04T11:57:06Z,1,Bancomat
2026-06-10T20:01:57.266232,43343,RG033,Q8,EOS SERVICES S.R.L. A SOCIO UNICO,VIA MALFITANO / VIA PALATUCCI 12/14 - 97100 RAGUSA (RG),RAGUSA,RG,36.921534207056354,14.706680178642273,GPL,4,0.779,False,2026-06-04T11:57:06Z,2026-06-04T11:57:06Z,1,Bancomat
2026-06-10T20:01:57.266232,43343,RG033,Q8,EOS SERVICES S.R.L. A SOCIO UNICO,VIA MALFITANO / VIA PALATUCCI 12/14 - 97100 RAGUSA (RG),RAGUSA,RG,36.921534207056354,14.706680178642273,Hi-Q Diesel,6,2.499,False,2026-06-04T11:57:06Z,2026-06-04T11:57:06Z,1,Bancomat
2026-06-10T20:01:57.266232,43343,RG033,Q8,EOS SERVICES S.R.L. A SOCIO UNICO,VIA MALFITANO / VIA PALATUCCI 12/14 - 97100 RAGUSA (RG),RAGUSA,RG,36.921534207056354,14.706680178642273,Hi-Q Diesel,6,2.199,True,2026-06-04T11:57:06Z,2026-06-04T11:57:06Z,1,Bancomat
2026-06-10T20:01:57.266232,29001,SCICLI,Lukoil,ND PETROLI DI DIBENNARDO NUNZIO & C. S.R.L.,VIALE I MAGGIO SN - 97018 SCICLI (RG),SCICLI,RG,36.78619286800969,14.696185409776945,Benzina,1,1.899,True,2026-06-10T15:59:21Z,2026-06-10T15:58:00Z,0,
2026-06-10T20:01:57.266232,29001,SCICLI,Lukoil,ND PETROLI DI DIBENNARDO NUNZIO & C. S.R.L.,VIALE I MAGGIO SN - 97018 SCICLI (RG),SCICLI,RG,36.78619286800969,14.696185409776945,Gasolio,2,2.029,True,2026-06-09T16:02:44Z,2026-06-10T04:01:00Z,0,
2026-06-10T20:01:57.266232,21094,BLANCO PETROLI - MODICA C.DA MUSEBBI,Blancopetroli,BLANCO PETROLI S.R.L.,"VIA STRADA COMUNALE MUSEBBI - CALICANTONI S.N. 97015, MODICA (RG) 22/D - 97015 MODICA (RG)",MODICA,RG,36.834667179822056,14.818171077287275,Benzina,1,1.899,True,2026-06-10T07:34:07Z,2026-06-10T07:34:07Z,2,"Servizi per disabili, Bancomat"
2026-06-10T20:01:57.266232,21094,BLANCO PETROLI - MODICA C.DA MUSEBBI,Blancopetroli,BLANCO PETROLI S.R.L.,"VIA STRADA COMUNALE MUSEBBI - CALICANTONI S.N. 97015, MODICA (RG) 22/D - 97015 MODICA (RG)",MODICA,RG,36.834667179822056,14.818171077287275,Gasolio,2,1.999,True,2026-06-10T07:34:07Z,2026-06-10T07:34:07Z,2,"Servizi per disabili, Bancomat"
2026-06-10T20:01:57.266232,45925,BLANCO PETROLI - MODICA SS 194 KM 102+080,Blancopetroli,BLANCO PETROLI S.R.L.,S.S. 194 MODICA POZZALLO KM102 SNC - 97015 MODICA (RG),MODICA,RG,36.80703284561653,14.779233932495117,Benzina,1,1.899,True,2026-06-10T07:34:06Z,2026-06-10T07:34:06Z,2,"Servizi per disabili, Bancomat"
2026-06-10T20:01:57.266232,45925,BLANCO PETROLI - MODICA SS 194 KM 102+080,Blancopetroli,BLANCO PETROLI S.R.L.,S.S. 194 MODICA POZZALLO KM102 SNC - 97015 MODICA (RG),MODICA,RG,36.80703284561653,14.779233932495117,Gasolio,2,1.999,True,2026-06-10T07:34:06Z,2026-06-10T07:34:06Z,2,"Servizi per disabili, Bancomat"
2026-06-10T20:01:57.266232,45925,BLANCO PETROLI - MODICA SS 194 KM 102+080,Blancopetroli,BLANCO PETROLI S.R.L.,S.S. 194 MODICA POZZALLO KM102 SNC - 97015 MODICA (RG),MODICA,RG,36.80703284561653,14.779233932495117,Metano,3,1.759,True,2026-06-09T21:29:01Z,2026-06-09T21:29:01Z,2,"Servizi per disabili, Bancomat"
2026-06-10T20:01:57.266232,57520,29921 MODICA,AgipEni,ENIMOOV S.P.A.,VIA RISORGIMENTO - MODICA (RG),MODICA,RG,36.841534,14.773106,Benzina,1,2.109,False,2026-06-10T06:02:33Z,2026-06-10T06:02:33Z,0,
2026-06-10T20:01:57.266232,57520,29921 MODICA,AgipEni,ENIMOOV S.P.A.,VIA RISORGIMENTO - MODICA (RG),MODICA,RG,36.841534,14.773106,Benzina,1,1.889,True,2026-06-10T06:02:33Z,2026-06-10T06:02:33Z,0,
2026-06-10T20:01:57.266232,57520,29921 MODICA,AgipEni,ENIMOOV S.P.A.,VIA RISORGIMENTO - MODICA (RG),MODICA,RG,36.841534,14.773106,Gasolio,2,2.239,False,2026-06-10T06:02:33Z,2026-06-10T06:02:33Z,0,
2026-06-10T20:01:57.266232,57520,29921 MODICA,AgipEni,ENIMOOV S.P.A.,VIA RISORGIMENTO - MODICA (RG),MODICA,RG,36.841534,14.773106,Gasolio,2,2.019,True,2026-06-10T06:02:33Z,2026-06-10T06:02:33Z,0,
2026-06-10T20:01:57.266232,57520,29921 MODICA,AgipEni,ENIMOOV S.P.A.,VIA RISORGIMENTO - MODICA (RG),MODICA,RG,36.841534,14.773106,HVOlution,394,2.239,False,2026-06-10T06:02:33Z,2026-06-10T06:02:33Z,0,
2026-06-10T20:01:57.266232,57520,29921 MODICA,AgipEni,ENIMOOV S.P.A.,VIA RISORGIMENTO - MODICA (RG),MODICA,RG,36.841534,14.773106,HVOlution,394,2.019,True,2026-06-10T06:02:33Z,2026-06-10T06:02:33Z,0,
2026-06-10T20:01:57.266232,12370,SS115 KM 338+832,AgipEni,SERVIZI E GESTIONI ZENIT S.R.L. IN SIGLA - ZENIT S.R.L.,SS115 KM 338+832 - 97015 MODICA (RG),MODICA,RG,36.832333836981654,14.767022126319944,Benzina,1,2.109,False,2026-06-10T05:58:35Z,2026-06-10T05:58:35Z,0,
2026-06-10T20:01:57.266232,12370,SS115 KM 338+832,AgipEni,SERVIZI E GESTIONI ZENIT S.R.L. IN SIGLA - ZENIT S.R.L.,SS115 KM 338+832 - 97015 MODICA (RG),MODICA,RG,36.832333836981654,14.767022126319944,Benzina,1,1.899,True,2026-06-10T05:58:35Z,2026-06-10T05:58:35Z,0,
2026-06-10T20:01:57.266232,12370,SS115 KM 338+832,AgipEni,SERVIZI E GESTIONI ZENIT S.R.L. IN SIGLA - ZENIT S.R.L.,SS115 KM 338+832 - 97015 MODICA (RG),MODICA,RG,36.832333836981654,14.767022126319944,Gasolio,2,2.239,False,2026-06-10T05:58:35Z,2026-06-10T05:58:35Z,0,
2026-06-10T20:01:57.266232,12370,SS115 KM 338+832,AgipEni,SERVIZI E GESTIONI ZENIT S.R.L. IN SIGLA - ZENIT S.R.L.,SS115 KM 338+832 - 97015 MODICA (RG),MODICA,RG,36.832333836981654,14.767022126319944,Gasolio,2,2.029,True,2026-06-10T05:58:35Z,2026-06-10T05:58:35Z,0,
2026-06-10T20:01:57.266232,12370,SS115 KM 338+832,AgipEni,SERVIZI E GESTIONI ZENIT S.R.L. IN SIGLA - ZENIT S.R.L.,SS115 KM 338+832 - 97015 MODICA (RG),MODICA,RG,36.832333836981654,14.767022126319944,Blue Diesel,20,2.349,False,2026-06-10T05:58:35Z,2026-06-10T05:58:35Z,0,
2026-06-10T20:01:57.266232,12370,SS115 KM 338+832,AgipEni,SERVIZI E GESTIONI ZENIT S.R.L. IN SIGLA - ZENIT S.R.L.,SS115 KM 338+832 - 97015 MODICA (RG),MODICA,RG,36.832333836981654,14.767022126319944,Blue Diesel,20,2.139,True,2026-06-10T05:58:35Z,2026-06-10T05:58:35Z,0,
2026-06-10T20:01:57.266232,33076,S.S. 194 KM. 99+296 MODICA,AgipEni,SERVIZI E GESTIONI ZENIT S.R.L. IN SIGLA - ZENIT S.R.L.,"Statale 194 Ragusana, Km. 99 + 296, dir. MODICA - - 97015 MODICA (RG)",RAGUSA,RG,36.8281,14.7671,Benzina,1,2.109,False,2026-06-10T05:58:24Z,2026-06-10T05:58:24Z,0,
2026-06-10T20:01:57.266232,33076,S.S. 194 KM. 99+296 MODICA,AgipEni,SERVIZI E GESTIONI ZENIT S.R.L. IN SIGLA - ZENIT S.R.L.,"Statale 194 Ragusana, Km. 99 + 296, dir. MODICA - - 97015 MODICA (RG)",RAGUSA,RG,36.8281,14.7671,Benzina,1,1.899,True,2026-06-10T05:58:24Z,2026-06-10T05:58:24Z,0,
2026-06-10T20:01:57.266232,33076,S.S. 194 KM. 99+296 MODICA,AgipEni,SERVIZI E GESTIONI ZENIT S.R.L. IN SIGLA - ZENIT S.R.L.,"Statale 194 Ragusana, Km. 99 + 296, dir. MODICA - - 97015 MODICA (RG)",RAGUSA,RG,36.8281,14.7671,Gasolio,2,2.239,False,2026-06-10T05:58:24Z,2026-06-10T05:58:24Z,0,
2026-06-10T20:01:57.266232,33076,S.S. 194 KM. 99+296 MODICA,AgipEni,SERVIZI E GESTIONI ZENIT S.R.L. IN SIGLA - ZENIT S.R.L.,"Statale 194 Ragusana, Km. 99 + 296, dir. MODICA - - 97015 MODICA (RG)",RAGUSA,RG,36.8281,14.7671,Gasolio,2,2.029,True,2026-06-10T05:58:24Z,2026-06-10T05:58:24Z,0,
2026-06-10T20:01:57.266232,33076,S.S. 194 KM. 99+296 MODICA,AgipEni,SERVIZI E GESTIONI ZENIT S.R.L. IN SIGLA - ZENIT S.R.L.,"Statale 194 Ragusana, Km. 99 + 296, dir. MODICA - - 97015 MODICA (RG)",RAGUSA,RG,36.8281,14.7671,GPL,4,0.789,False,2026-06-10T05:58:24Z,2026-06-10T05:58:24Z,0,
2026-06-10T20:01:57.266232,5067,C.DA BUSITA SS 115 MODICA-ISPICA,AgipEni,SERVIZI E GESTIONI ZENIT S.R.L. IN SIGLA - ZENIT S.R.L.,CONTRADA AGUGLIE STR. COM. BUSITA SNC - 97015 MODICA (RG),MODICA,RG,36.80888811512329,14.818381880950938,Benzina,1,2.109,False,2026-06-10T05:58:21Z,2026-06-10T05:58:21Z,0,
2026-06-10T20:01:57.266232,5067,C.DA BUSITA SS 115 MODICA-ISPICA,AgipEni,SERVIZI E GESTIONI ZENIT S.R.L. IN SIGLA - ZENIT S.R.L.,CONTRADA AGUGLIE STR. COM. BUSITA SNC - 97015 MODICA (RG),MODICA,RG,36.80888811512329,14.818381880950938,Benzina,1,1.899,True,2026-06-10T05:58:21Z,2026-06-10T05:58:21Z,0,
2026-06-10T20:01:57.266232,5067,C.DA BUSITA SS 115 MODICA-ISPICA,AgipEni,SERVIZI E GESTIONI ZENIT S.R.L. IN SIGLA - ZENIT S.R.L.,CONTRADA AGUGLIE STR. COM. BUSITA SNC - 97015 MODICA (RG),MODICA,RG,36.80888811512329,14.818381880950938,Gasolio,2,2.239,False,2026-06-10T05:58:21Z,2026-06-10T05:58:21Z,0,
2026-06-10T20:01:57.266232,5067,C.DA BUSITA SS 115 MODICA-ISPICA,AgipEni,SERVIZI E GESTIONI ZENIT S.R.L. IN SIGLA - ZENIT S.R.L.,CONTRADA AGUGLIE STR. COM. BUSITA SNC - 97015 MODICA (RG),MODICA,RG,36.80888811512329,14.818381880950938,Gasolio,2,2.029,True,2026-06-10T05:58:21Z,2026-06-10T05:58:21Z,0,
2026-06-10T20:01:57.266232,5067,C.DA BUSITA SS 115 MODICA-ISPICA,AgipEni,SERVIZI E GESTIONI ZENIT S.R.L. IN SIGLA - ZENIT S.R.L.,CONTRADA AGUGLIE STR. COM. BUSITA SNC - 97015 MODICA (RG),MODICA,RG,36.80888811512329,14.818381880950938,Metano,3,1.799,False,2026-06-10T05:58:21Z,2026-06-10T05:58:21Z,0,
2026-06-10T20:01:57.266232,5067,C.DA BUSITA SS 115 MODICA-ISPICA,AgipEni,SERVIZI E GESTIONI ZENIT S.R.L. IN SIGLA - ZENIT S.R.L.,CONTRADA AGUGLIE STR. COM. BUSITA SNC - 97015 MODICA (RG),MODICA,RG,36.80888811512329,14.818381880950938,GPL,4,0.789,False,2026-06-10T05:58:21Z,2026-06-10T05:58:21Z,0,
2026-06-10T20:01:57.266232,12304,VIA R.PARTIGIANA - MODICA,Giap,SERVIZI E GESTIONI ZENIT S.R.L. IN SIGLA - ZENIT S.R.L.,VIA RESISTENZA PARTIGIANA SNC - 97015 MODICA (RG),MODICA,RG,36.83802124005764,14.769621550926217,Benzina,1,1.899,False,2026-06-10T03:58:59Z,2026-06-10T03:58:59Z,0,
2026-06-10T20:01:57.266232,12304,VIA R.PARTIGIANA - MODICA,Giap,SERVIZI E GESTIONI ZENIT S.R.L. IN SIGLA - ZENIT S.R.L.,VIA RESISTENZA PARTIGIANA SNC - 97015 MODICA (RG),MODICA,RG,36.83802124005764,14.769621550926217,Benzina,1,1.899,True,2026-06-10T03:58:59Z,2026-06-10T03:58:59Z,0,
2026-06-10T20:01:57.266232,12304,VIA R.PARTIGIANA - MODICA,Giap,SERVIZI E GESTIONI ZENIT S.R.L. IN SIGLA - ZENIT S.R.L.,VIA RESISTENZA PARTIGIANA SNC - 97015 MODICA (RG),MODICA,RG,36.83802124005764,14.769621550926217,Gasolio,2,2.029,False,2026-06-10T03:58:59Z,2026-06-10T03:58:59Z,0,
2026-06-10T20:01:57.266232,12304,VIA R.PARTIGIANA - MODICA,Giap,SERVIZI E GESTIONI ZENIT S.R.L. IN SIGLA - ZENIT S.R.L.,VIA RESISTENZA PARTIGIANA SNC - 97015 MODICA (RG),MODICA,RG,36.83802124005764,14.769621550926217,Gasolio,2,2.029,True,2026-06-10T03:58:59Z,2026-06-10T03:58:59Z,0,
2026-06-10T20:01:57.266232,52130,S.P. 42 SCICLI-MODICA KM 3+600 - SCICLI,Esso,SERVIZI E GESTIONI ZENIT S.R.L. IN SIGLA - ZENIT S.R.L.,S.P. 42 SCICLI-MODICA KM 3+600 - 97018 SCICLI (RG),MODICA,RG,36.8130556401922,14.731747745433115,Benzina,1,2.109,False,2026-06-10T03:58:56Z,2026-06-10T03:58:56Z,0,
2026-06-10T20:01:57.266232,52130,S.P. 42 SCICLI-MODICA KM 3+600 - SCICLI,Esso,SERVIZI E GESTIONI ZENIT S.R.L. IN SIGLA - ZENIT S.R.L.,S.P. 42 SCICLI-MODICA KM 3+600 - 97018 SCICLI (RG),MODICA,RG,36.8130556401922,14.731747745433115,Benzina,1,1.899,True,2026-06-10T03:58:56Z,2026-06-10T03:58:56Z,0,
2026-06-10T20:01:57.266232,52130,S.P. 42 SCICLI-MODICA KM 3+600 - SCICLI,Esso,SERVIZI E GESTIONI ZENIT S.R.L. IN SIGLA - ZENIT S.R.L.,S.P. 42 SCICLI-MODICA KM 3+600 - 97018 SCICLI (RG),MODICA,RG,36.8130556401922,14.731747745433115,Gasolio,2,2.239,False,2026-06-10T03:58:56Z,2026-06-10T03:58:56Z,0,
2026-06-10T20:01:57.266232,52130,S.P. 42 SCICLI-MODICA KM 3+600 - SCICLI,Esso,SERVIZI E GESTIONI ZENIT S.R.L. IN SIGLA - ZENIT S.R.L.,S.P. 42 SCICLI-MODICA KM 3+600 - 97018 SCICLI (RG),MODICA,RG,36.8130556401922,14.731747745433115,Gasolio,2,2.029,True,2026-06-10T03:58:56Z,2026-06-10T03:58:56Z,0,
2026-06-10T20:01:57.266232,52130,S.P. 42 SCICLI-MODICA KM 3+600 - SCICLI,Esso,SERVIZI E GESTIONI ZENIT S.R.L. IN SIGLA - ZENIT S.R.L.,S.P. 42 SCICLI-MODICA KM 3+600 - 97018 SCICLI (RG),MODICA,RG,36.8130556401922,14.731747745433115,GPL,4,0.789,False,2026-06-10T03:58:56Z,2026-06-10T03:58:56Z,0,
2026-06-10T20:01:57.266232,33075,STR. COMUNALE ZONA 167 MODICA,Esso,SERVIZI E GESTIONI ZENIT S.R.L. IN SIGLA - ZENIT S.R.L.,STR. COMUNALE ZONA 167 - 97015 MODICA (RG),MODICA,RG,36.835123835022216,14.775643050670624,Benzina,1,2.109,False,2026-06-10T03:58:48Z,2026-06-10T03:58:48Z,0,
2026-06-10T20:01:57.266232,33075,STR. COMUNALE ZONA 167 MODICA,Esso,SERVIZI E GESTIONI ZENIT S.R.L. IN SIGLA - ZENIT S.R.L.,STR. COMUNALE ZONA 167 - 97015 MODICA (RG),MODICA,RG,36.835123835022216,14.775643050670624,Benzina,1,1.899,True,2026-06-10T03:58:48Z,2026-06-10T03:58:48Z,0,
2026-06-10T20:01:57.266232,33075,STR. COMUNALE ZONA 167 MODICA,Esso,SERVIZI E GESTIONI ZENIT S.R.L. IN SIGLA - ZENIT S.R.L.,STR. COMUNALE ZONA 167 - 97015 MODICA (RG),MODICA,RG,36.835123835022216,14.775643050670624,Gasolio,2,2.239,False,2026-06-10T03:58:48Z,2026-06-10T03:58:48Z,0,
2026-06-10T20:01:57.266232,33075,STR. COMUNALE ZONA 167 MODICA,Esso,SERVIZI E GESTIONI ZENIT S.R.L. IN SIGLA - ZENIT S.R.L.,STR. COMUNALE ZONA 167 - 97015 MODICA (RG),MODICA,RG,36.835123835022216,14.775643050670624,Gasolio,2,2.029,True,2026-06-10T03:58:48Z,2026-06-10T03:58:48Z,0,
2026-06-10T20:01:57.266232,33075,STR. COMUNALE ZONA 167 MODICA,Esso,SERVIZI E GESTIONI ZENIT S.R.L. IN SIGLA - ZENIT S.R.L.,STR. COMUNALE ZONA 167 - 97015 MODICA (RG),MODICA,RG,36.835123835022216,14.775643050670624,Supreme Diesel,327,2.339,False,2026-06-10T03:58:48Z,2026-06-10T03:58:48Z,0,
2026-06-10T20:01:57.266232,33075,STR. COMUNALE ZONA 167 MODICA,Esso,SERVIZI E GESTIONI ZENIT S.R.L. IN SIGLA - ZENIT S.R.L.,STR. COMUNALE ZONA 167 - 97015 MODICA (RG),MODICA,RG,36.835123835022216,14.775643050670624,Supreme Diesel,327,2.129,True,2026-06-10T03:58:48Z,2026-06-10T03:58:48Z,0,
2026-06-10T20:01:57.266232,12361,VIA GARIBALDI SCICLI,Giap,SERVIZI E GESTIONI ZENIT S.R.L. IN SIGLA - ZENIT S.R.L.,C.SO GARIBALDI ANG. VIA BIXIO - 97018 SCICLI (RG),SCICLI,RG,36.787558274050525,14.697154507934556,Benzina,1,1.899,False,2026-06-10T03:58:45Z,2026-06-10T03:58:45Z,0,
2026-06-10T20:01:57.266232,12361,VIA GARIBALDI SCICLI,Giap,SERVIZI E GESTIONI ZENIT S.R.L. IN SIGLA - ZENIT S.R.L.,C.SO GARIBALDI ANG. VIA BIXIO - 97018 SCICLI (RG),SCICLI,RG,36.787558274050525,14.697154507934556,Benzina,1,1.899,True,2026-06-10T03:58:45Z,2026-06-10T03:58:45Z,0,
2026-06-10T20:01:57.266232,12361,VIA GARIBALDI SCICLI,Giap,SERVIZI E GESTIONI ZENIT S.R.L. IN SIGLA - ZENIT S.R.L.,C.SO GARIBALDI ANG. VIA BIXIO - 97018 SCICLI (RG),SCICLI,RG,36.787558274050525,14.697154507934556,Gasolio,2,2.029,False,2026-06-10T03:58:45Z,2026-06-10T03:58:45Z,0,
2026-06-10T20:01:57.266232,12361,VIA GARIBALDI SCICLI,Giap,SERVIZI E GESTIONI ZENIT S.R.L. IN SIGLA - ZENIT S.R.L.,C.SO GARIBALDI ANG. VIA BIXIO - 97018 SCICLI (RG),SCICLI,RG,36.787558274050525,14.697154507934556,Gasolio,2,2.029,True,2026-06-10T03:58:45Z,2026-06-10T03:58:45Z,0,
2026-06-10T20:01:57.266232,20982,P.ZZA CADORNA SCICLI,Giap,SERVIZI E GESTIONI ZENIT S.R.L. IN SIGLA - ZENIT S.R.L.,P.ZZA CADORNA - 97018 SCICLI (RG),SCICLI,RG,36.789615230186165,14.702276587486267,Benzina,1,1.899,False,2026-06-10T03:58:45Z,2026-06-10T03:58:45Z,0,
2026-06-10T20:01:57.266232,20982,P.ZZA CADORNA SCICLI,Giap,SERVIZI E GESTIONI ZENIT S.R.L. IN SIGLA - ZENIT S.R.L.,P.ZZA CADORNA - 97018 SCICLI (RG),SCICLI,RG,36.789615230186165,14.702276587486267,Benzina,1,1.899,True,2026-06-10T03:58:45Z,2026-06-10T03:58:45Z,0,
2026-06-10T20:01:57.266232,20982,P.ZZA CADORNA SCICLI,Giap,SERVIZI E GESTIONI ZENIT S.R.L. IN SIGLA - ZENIT S.R.L.,P.ZZA CADORNA - 97018 SCICLI (RG),SCICLI,RG,36.789615230186165,14.702276587486267,Gasolio,2,2.029,False,2026-06-10T03:58:45Z,2026-06-10T03:58:45Z,0,
2026-06-10T20:01:57.266232,20982,P.ZZA CADORNA SCICLI,Giap,SERVIZI E GESTIONI ZENIT S.R.L. IN SIGLA - ZENIT S.R.L.,P.ZZA CADORNA - 97018 SCICLI (RG),SCICLI,RG,36.789615230186165,14.702276587486267,Gasolio,2,2.029,True,2026-06-10T03:58:45Z,2026-06-10T03:58:45Z,0,
2026-06-10T20:01:57.266232,7693,C.DA MICHELICA,Q8,SERVIZI E GESTIONI ZENIT S.R.L. IN SIGLA - ZENIT S.R.L.,"STRADA STATALE 115 KM 340+833,5 - 97015 MODICA (RG)",MODICA,RG,36.838345079729145,14.782644038028707,Benzina,1,2.109,False,2026-06-10T03:58:39Z,2026-06-10T03:58:39Z,0,
2026-06-10T20:01:57.266232,7693,C.DA MICHELICA,Q8,SERVIZI E GESTIONI ZENIT S.R.L. IN SIGLA - ZENIT S.R.L.,"STRADA STATALE 115 KM 340+833,5 - 97015 MODICA (RG)",MODICA,RG,36.838345079729145,14.782644038028707,Benzina,1,1.899,True,2026-06-10T03:58:39Z,2026-06-10T03:58:39Z,0,
2026-06-10T20:01:57.266232,7693,C.DA MICHELICA,Q8,SERVIZI E GESTIONI ZENIT S.R.L. IN SIGLA - ZENIT S.R.L.,"STRADA STATALE 115 KM 340+833,5 - 97015 MODICA (RG)",MODICA,RG,36.838345079729145,14.782644038028707,Gasolio,2,2.239,False,2026-06-10T03:58:39Z,2026-06-10T03:58:39Z,0,
2026-06-10T20:01:57.266232,7693,C.DA MICHELICA,Q8,SERVIZI E GESTIONI ZENIT S.R.L. IN SIGLA - ZENIT S.R.L.,"STRADA STATALE 115 KM 340+833,5 - 97015 MODICA (RG)",MODICA,RG,36.838345079729145,14.782644038028707,Gasolio,2,2.029,True,2026-06-10T03:58:39Z,2026-06-10T03:58:39Z,0,
2026-06-10T20:01:57.266232,7692,SS115 MODICA-ISPICA KM 342+856,Giap,SERVIZI E GESTIONI ZENIT S.R.L. IN SIGLA - ZENIT S.R.L.,VIA SS115 KM342E856  MICHELICA - 97015 MODICA (RG),MODICA,RG,36.828185559185506,14.800464504299157,Benzina,1,2.109,False,2026-06-10T03:58:38Z,2026-06-10T03:58:38Z,0,
2026-06-10T20:01:57.266232,7692,SS115 MODICA-ISPICA KM 342+856,Giap,SERVIZI E GESTIONI ZENIT S.R.L. IN SIGLA - ZENIT S.R.L.,VIA SS115 KM342E856  MICHELICA - 97015 MODICA (RG),MODICA,RG,36.828185559185506,14.800464504299157,Benzina,1,1.899,True,2026-06-10T03:58:38Z,2026-06-10T03:58:38Z,0,
2026-06-10T20:01:57.266232,7692,SS115 MODICA-ISPICA KM 342+856,Giap,SERVIZI E GESTIONI ZENIT S.R.L. IN SIGLA - ZENIT S.R.L.,VIA SS115 KM342E856  MICHELICA - 97015 MODICA (RG),MODICA,RG,36.828185559185506,14.800464504299157,Gasolio,2,2.239,False,2026-06-10T03:58:38Z,2026-06-10T03:58:38Z,0,
2026-06-10T20:01:57.266232,7692,SS115 MODICA-ISPICA KM 342+856,Giap,SERVIZI E GESTIONI ZENIT S.R.L. IN SIGLA - ZENIT S.R.L.,VIA SS115 KM342E856  MICHELICA - 97015 MODICA (RG),MODICA,RG,36.828185559185506,14.800464504299157,Gasolio,2,2.029,True,2026-06-10T03:58:38Z,2026-06-10T03:58:38Z,0,
2026-06-10T20:01:57.266232,54967,ENI BONCORAGLIO,AgipEni,BONCORAGLIO ALBERTO,Via C. Colombo - 97018 SCICLI (RG),SCICLI,RG,36.796241539143836,14.703683000802634,Benzina,1,2.129,False,2026-06-09T21:38:45Z,2026-06-09T21:38:45Z,1,Bancomat
2026-06-10T20:01:57.266232,54967,ENI BONCORAGLIO,AgipEni,BONCORAGLIO ALBERTO,Via C. Colombo - 97018 SCICLI (RG),SCICLI,RG,36.796241539143836,14.703683000802634,Benzina,1,1.909,True,2026-06-09T21:38:45Z,2026-06-09T21:38:45Z,1,Bancomat
2026-06-10T20:01:57.266232,54967,ENI BONCORAGLIO,AgipEni,BONCORAGLIO ALBERTO,Via C. Colombo - 97018 SCICLI (RG),SCICLI,RG,36.796241539143836,14.703683000802634,Gasolio,2,2.259,False,2026-06-09T21:38:45Z,2026-06-09T21:38:45Z,1,Bancomat
2026-06-10T20:01:57.266232,54967,ENI BONCORAGLIO,AgipEni,BONCORAGLIO ALBERTO,Via C. Colombo - 97018 SCICLI (RG),SCICLI,RG,36.796241539143836,14.703683000802634,Gasolio,2,2.039,True,2026-06-09T21:38:45Z,2026-06-09T21:38:45Z,1,Bancomat
2026-06-10T20:01:57.266232,54967,ENI BONCORAGLIO,AgipEni,BONCORAGLIO ALBERTO,Via C. Colombo - 97018 SCICLI (RG),SCICLI,RG,36.796241539143836,14.703683000802634,Blue Diesel,20,2.359,False,2026-06-09T21:38:45Z,2026-06-09T21:38:45Z,1,Bancomat
2026-06-10T20:01:57.266232,54967,ENI BONCORAGLIO,AgipEni,BONCORAGLIO ALBERTO,Via C. Colombo - 97018 SCICLI (RG),SCICLI,RG,36.796241539143836,14.703683000802634,Blue Diesel,20,2.139,True,2026-06-09T21:38:45Z,2026-06-09T21:38:45Z,1,Bancomat
2026-06-10T20:01:57.266232,14237,F.LLIDINATALE,PompeBianche,F.LLI DI NATALE & C. SNC,"VIA SORDA SAMPIERI KM 1,308, 97010 - - - MODICA (RG)",MODICA,RG,36.83136193367519,14.773952341069503,Benzina,1,2.189,False,2026-06-08T07:07:20Z,2026-06-08T07:06:00Z,2,"Food&Beverage, Bancomat"
2026-06-10T20:01:57.266232,14237,F.LLIDINATALE,PompeBianche,F.LLI DI NATALE & C. SNC,"VIA SORDA SAMPIERI KM 1,308, 97010 - - - MODICA (RG)",MODICA,RG,36.83136193367519,14.773952341069503,Benzina,1,1.949,True,2026-06-08T07:07:20Z,2026-06-08T07:06:00Z,2,"Food&Beverage, Bancomat"
2026-06-10T20:01:57.266232,14237,F.LLIDINATALE,PompeBianche,F.LLI DI NATALE & C. SNC,"VIA SORDA SAMPIERI KM 1,308, 97010 - - - MODICA (RG)",MODICA,RG,36.83136193367519,14.773952341069503,Gasolio,2,2.299,False,2026-06-08T07:07:20Z,2026-06-08T07:06:00Z,2,"Food&Beverage, Bancomat"
2026-06-10T20:01:57.266232,14237,F.LLIDINATALE,PompeBianche,F.LLI DI NATALE & C. SNC,"VIA SORDA SAMPIERI KM 1,308, 97010 - - - MODICA (RG)",MODICA,RG,36.83136193367519,14.773952341069503,Gasolio,2,2.059,True,2026-06-08T07:07:20Z,2026-06-08T07:06:00Z,2,"Food&Beverage, Bancomat"
2026-06-10T20:01:57.266232,19345,Eni - S.p. Comiso - Santa Croce Camerina,AgipEni,SALLEMI CARBURANTI S.R.L.,VIA PIAVE SN - 97013 COMISO (RG),COMISO,RG,36.93808008567802,14.588470458984375,Benzina,1,2.149,False,2026-06-09T21:46:51Z,2026-06-09T21:46:51Z,1,Bancomat
2026-06-10T20:01:57.266232,19345,Eni - S.p. Comiso - Santa Croce Camerina,AgipEni,SALLEMI CARBURANTI S.R.L.,VIA PIAVE SN - 97013 COMISO (RG),COMISO,RG,36.93808008567802,14.588470458984375,Benzina,1,1.889,True,2026-06-10T17:36:06Z,2026-06-10T17:36:06Z,1,Bancomat
2026-06-10T20:01:57.266232,19345,Eni - S.p. Comiso - Santa Croce Camerina,AgipEni,SALLEMI CARBURANTI S.R.L.,VIA PIAVE SN - 97013 COMISO (RG),COMISO,RG,36.93808008567802,14.588470458984375,Gasolio,2,2.199,False,2026-06-09T21:46:51Z,2026-06-09T21:46:51Z,1,Bancomat
2026-06-10T20:01:57.266232,19345,Eni - S.p. Comiso - Santa Croce Camerina,AgipEni,SALLEMI CARBURANTI S.R.L.,VIA PIAVE SN - 97013 COMISO (RG),COMISO,RG,36.93808008567802,14.588470458984375,Gasolio,2,2.019,True,2026-06-10T17:36:06Z,2026-06-10T17:36:06Z,1,Bancomat
2026-06-10T20:01:57.266232,6938,Esso - EX SP 17 Vittoria - Scoglitti,Esso,SALLEMI CARBURANTI S.R.L.,Ex Strada provinciale 17 Vittoria - Scoglitti Km 6 + 160 - 97019 VITTORIA (RG),VITTORIA,RG,36.926427367009964,14.460325241088867,Benzina,1,1.999,False,2026-06-10T17:04:44Z,2026-06-10T17:04:44Z,3,"Servizi per disabili, Sosta Camper/Tir, Bancomat"
2026-06-10T20:01:57.266232,6938,Esso - EX SP 17 Vittoria - Scoglitti,Esso,SALLEMI CARBURANTI S.R.L.,Ex Strada provinciale 17 Vittoria - Scoglitti Km 6 + 160 - 97019 VITTORIA (RG),VITTORIA,RG,36.926427367009964,14.460325241088867,Benzina,1,1.899,True,2026-06-10T17:04:44Z,2026-06-10T17:04:44Z,3,"Servizi per disabili, Sosta Camper/Tir, Bancomat"
2026-06-10T20:01:57.266232,6938,Esso - EX SP 17 Vittoria - Scoglitti,Esso,SALLEMI CARBURANTI S.R.L.,Ex Strada provinciale 17 Vittoria - Scoglitti Km 6 + 160 - 97019 VITTORIA (RG),VITTORIA,RG,36.926427367009964,14.460325241088867,Gasolio,2,2.119,False,2026-06-10T17:04:44Z,2026-06-10T17:04:44Z,3,"Servizi per disabili, Sosta Camper/Tir, Bancomat"
2026-06-10T20:01:57.266232,6938,Esso - EX SP 17 Vittoria - Scoglitti,Esso,SALLEMI CARBURANTI S.R.L.,Ex Strada provinciale 17 Vittoria - Scoglitti Km 6 + 160 - 97019 VITTORIA (RG),VITTORIA,RG,36.926427367009964,14.460325241088867,Gasolio,2,2.019,True,2026-06-10T17:04:44Z,2026-06-10T17:04:44Z,3,"Servizi per disabili, Sosta Camper/Tir, Bancomat"
2026-06-10T20:01:57.266232,6938,Esso - EX SP 17 Vittoria - Scoglitti,Esso,SALLEMI CARBURANTI S.R.L.,Ex Strada provinciale 17 Vittoria - Scoglitti Km 6 + 160 - 97019 VITTORIA (RG),VITTORIA,RG,36.926427367009964,14.460325241088867,GPL,4,0.769,False,2026-06-10T17:04:44Z,2026-06-10T17:04:44Z,3,"Servizi per disabili, Sosta Camper/Tir, Bancomat"
2026-06-10T20:01:57.266232,29340,Idc Via G. Girlando - Comiso,Esso,SALLEMI CARBURANTI S.R.L.,Via Generale Girlando 127 - 97013 COMISO (RG),COMISO,RG,36.951400953108376,14.60433261691901,Benzina,1,1.919,False,2026-06-10T16:58:10Z,2026-06-10T16:58:10Z,1,Bancomat
2026-06-10T20:01:57.266232,29340,Idc Via G. Girlando - Comiso,Esso,SALLEMI CARBURANTI S.R.L.,Via Generale Girlando 127 - 97013 COMISO (RG),COMISO,RG,36.951400953108376,14.60433261691901,Benzina,1,1.919,True,2026-06-10T16:58:10Z,2026-06-10T16:58:10Z,1,Bancomat
2026-06-10T20:01:57.266232,29340,Idc Via G. Girlando - Comiso,Esso,SALLEMI CARBURANTI S.R.L.,Via Generale Girlando 127 - 97013 COMISO (RG),COMISO,RG,36.951400953108376,14.60433261691901,Gasolio,2,2.049,False,2026-06-10T16:58:10Z,2026-06-10T16:58:10Z,1,Bancomat
2026-06-10T20:01:57.266232,29340,Idc Via G. Girlando - Comiso,Esso,SALLEMI CARBURANTI S.R.L.,Via Generale Girlando 127 - 97013 COMISO (RG),COMISO,RG,36.951400953108376,14.60433261691901,Gasolio,2,2.049,True,2026-06-10T16:58:10Z,2026-06-10T16:58:10Z,1,Bancomat
2026-06-10T20:01:57.266232,53826,FORCONE,Lukoil,ND PETROLI DI DIBENNARDO NUNZIO & C. S.R.L.,FORCONE 126/A - 97019 VITTORIA (RG),VITTORIA,RG,36.95616,14.53908,Benzina,1,1.899,False,2026-06-09T16:09:03Z,2026-06-09T16:08:00Z,0,
2026-06-10T20:01:57.266232,53826,FORCONE,Lukoil,ND PETROLI DI DIBENNARDO NUNZIO & C. S.R.L.,FORCONE 126/A - 97019 VITTORIA (RG),VITTORIA,RG,36.95616,14.53908,Benzina,1,1.899,True,2026-06-09T16:09:03Z,2026-06-09T16:08:00Z,0,
2026-06-10T20:01:57.266232,53826,FORCONE,Lukoil,ND PETROLI DI DIBENNARDO NUNZIO & C. S.R.L.,FORCONE 126/A - 97019 VITTORIA (RG),VITTORIA,RG,36.95616,14.53908,Gasolio,2,2.009,False,2026-06-09T16:09:03Z,2026-06-10T04:08:00Z,0,
2026-06-10T20:01:57.266232,53826,FORCONE,Lukoil,ND PETROLI DI DIBENNARDO NUNZIO & C. S.R.L.,FORCONE 126/A - 97019 VITTORIA (RG),VITTORIA,RG,36.95616,14.53908,Gasolio,2,2.009,True,2026-06-09T16:09:03Z,2026-06-10T04:08:00Z,0,
2026-06-10T20:01:57.266232,14556,GEN CASCINO,Lukoil,ND PETROLI DI DIBENNARDO NUNZIO & C. S.R.L.,VIA GEN. CASCINO - 97019 VITTORIA (RG),VITTORIA,RG,36.958160797036,14.522681252778625,Benzina,1,1.889,False,2026-06-09T16:09:47Z,2026-06-09T16:09:00Z,1,Bancomat
2026-06-10T20:01:57.266232,14556,GEN CASCINO,Lukoil,ND PETROLI DI DIBENNARDO NUNZIO & C. S.R.L.,VIA GEN. CASCINO - 97019 VITTORIA (RG),VITTORIA,RG,36.958160797036,14.522681252778625,Benzina,1,1.889,True,2026-06-09T16:09:47Z,2026-06-09T16:09:00Z,1,Bancomat
2026-06-10T20:01:57.266232,14556,GEN CASCINO,Lukoil,ND PETROLI DI DIBENNARDO NUNZIO & C. S.R.L.,VIA GEN. CASCINO - 97019 VITTORIA (RG),VITTORIA,RG,36.958160797036,14.522681252778625,Gasolio,2,2.029,False,2026-06-09T16:09:47Z,2026-06-10T04:09:00Z,1,Bancomat
2026-06-10T20:01:57.266232,14556,GEN CASCINO,Lukoil,ND PETROLI DI DIBENNARDO NUNZIO & C. S.R.L.,VIA GEN. CASCINO - 97019 VITTORIA (RG),VITTORIA,RG,36.958160797036,14.522681252778625,Gasolio,2,2.029,True,2026-06-09T16:09:47Z,2026-06-10T04:09:00Z,1,Bancomat
2026-06-10T20:01:57.266232,14551,DIAZ,PompeBianche,ND PETROLI DI DIBENNARDO NUNZIO & C. S.R.L.,VIA DIAZ SN - 97019 VITTORIA (RG),VITTORIA,RG,36.957217551159346,14.52830582857132,Benzina,1,2.039,False,2026-06-07T08:26:49Z,2026-06-07T08:26:00Z,1,Bancomat
2026-06-10T20:01:57.266232,14551,DIAZ,PompeBianche,ND PETROLI DI DIBENNARDO NUNZIO & C. S.R.L.,VIA DIAZ SN - 97019 VITTORIA (RG),VITTORIA,RG,36.957217551159346,14.52830582857132,Benzina,1,1.889,True,2026-06-07T08:26:49Z,2026-06-07T08:26:00Z,1,Bancomat
2026-06-10T20:01:57.266232,14551,DIAZ,PompeBianche,ND PETROLI DI DIBENNARDO NUNZIO & C. S.R.L.,VIA DIAZ SN - 97019 VITTORIA (RG),VITTORIA,RG,36.957217551159346,14.52830582857132,Gasolio,2,2.179,False,2026-06-07T08:26:50Z,2026-06-08T04:26:00Z,1,Bancomat
2026-06-10T20:01:57.266232,14551,DIAZ,PompeBianche,ND PETROLI DI DIBENNARDO NUNZIO & C. S.R.L.,VIA DIAZ SN - 97019 VITTORIA (RG),VITTORIA,RG,36.957217551159346,14.52830582857132,Gasolio,2,2.029,True,2026-06-07T08:26:49Z,2026-06-08T04:26:00Z,1,Bancomat
2026-06-10T20:01:57.266232,14547,FANELLO,Lukoil,ND PETROLI DI DIBENNARDO NUNZIO & C. S.R.L.,VIA INCARDONA - 97019 VITTORIA (RG),VITTORIA,RG,36.945745252282954,14.498144388198853,Benzina,1,2.058,False,2026-06-07T08:26:02Z,2026-06-07T08:25:00Z,0,
2026-06-10T20:01:57.266232,14547,FANELLO,Lukoil,ND PETROLI DI DIBENNARDO NUNZIO & C. S.R.L.,VIA INCARDONA - 97019 VITTORIA (RG),VITTORIA,RG,36.945745252282954,14.498144388198853,Benzina,1,1.908,True,2026-06-07T08:26:02Z,2026-06-07T08:25:00Z,0,
2026-06-10T20:01:57.266232,14547,FANELLO,Lukoil,ND PETROLI DI DIBENNARDO NUNZIO & C. S.R.L.,VIA INCARDONA - 97019 VITTORIA (RG),VITTORIA,RG,36.945745252282954,14.498144388198853,Gasolio,2,2.169,False,2026-06-07T08:26:02Z,2026-06-08T04:25:00Z,0,
2026-06-10T20:01:57.266232,14547,FANELLO,Lukoil,ND PETROLI DI DIBENNARDO NUNZIO & C. S.R.L.,VIA INCARDONA - 97019 VITTORIA (RG),VITTORIA,RG,36.945745252282954,14.498144388198853,Gasolio,2,2.019,True,2026-06-07T08:26:02Z,2026-06-08T04:25:00Z,0,
2026-06-10T20:01:57.266232,14547,FANELLO,Lukoil,ND PETROLI DI DIBENNARDO NUNZIO & C. S.R.L.,VIA INCARDONA - 97019 VITTORIA (RG),VITTORIA,RG,36.945745252282954,14.498144388198853,Metano,3,1.755,False,2026-06-10T15:54:33Z,2026-06-10T15:52:00Z,0,
2026-06-10T20:01:57.266232,27717,VIA ROMA,PompeBianche,ND PETROLI DI DIBENNARDO NUNZIO & C. S.R.L.,VIA ROMA ANGOLO VIA PISACANE SN - 97019 VITTORIA (RG),VITTORIA,RG,36.94949710803807,14.528854583610723,Benzina,1,1.889,False,2026-06-10T15:52:24Z,2026-06-10T15:51:00Z,0,
2026-06-10T20:01:57.266232,27717,VIA ROMA,PompeBianche,ND PETROLI DI DIBENNARDO NUNZIO & C. S.R.L.,VIA ROMA ANGOLO VIA PISACANE SN - 97019 VITTORIA (RG),VITTORIA,RG,36.94949710803807,14.528854583610723,Benzina,1,1.889,True,2026-06-10T15:52:24Z,2026-06-10T15:51:00Z,0,
2026-06-10T20:01:57.266232,27717,VIA ROMA,PompeBianche,ND PETROLI DI DIBENNARDO NUNZIO & C. S.R.L.,VIA ROMA ANGOLO VIA PISACANE SN - 97019 VITTORIA (RG),VITTORIA,RG,36.94949710803807,14.528854583610723,Gasolio,2,2.019,False,2026-06-09T16:11:34Z,2026-06-10T04:09:00Z,0,
2026-06-10T20:01:57.266232,27717,VIA ROMA,PompeBianche,ND PETROLI DI DIBENNARDO NUNZIO & C. S.R.L.,VIA ROMA ANGOLO VIA PISACANE SN - 97019 VITTORIA (RG),VITTORIA,RG,36.94949710803807,14.528854583610723,Gasolio,2,2.019,True,2026-06-09T16:11:34Z,2026-06-10T04:09:00Z,0,
2026-06-10T20:01:57.266232,14554,NEGHELLI,PompeBianche,ND PETROLI DI DIBENNARDO NUNZIO & C. S.R.L.,VIA NEGHELLI - 97019 VITTORIA (RG),VITTORIA,RG,36.950195737067645,14.523078203201294,Benzina,1,1.909,False,2026-06-10T15:51:37Z,2026-06-10T15:50:00Z,1,Bancomat
2026-06-10T20:01:57.266232,14554,NEGHELLI,PompeBianche,ND PETROLI DI DIBENNARDO NUNZIO & C. S.R.L.,VIA NEGHELLI - 97019 VITTORIA (RG),VITTORIA,RG,36.950195737067645,14.523078203201294,Benzina,1,1.909,True,2026-06-10T15:51:37Z,2026-06-10T15:50:00Z,1,Bancomat
2026-06-10T20:01:57.266232,14554,NEGHELLI,PompeBianche,ND PETROLI DI DIBENNARDO NUNZIO & C. S.R.L.,VIA NEGHELLI - 97019 VITTORIA (RG),VITTORIA,RG,36.950195737067645,14.523078203201294,Gasolio,2,2.029,False,2026-06-09T16:12:54Z,2026-06-10T04:12:00Z,1,Bancomat
2026-06-10T20:01:57.266232,14554,NEGHELLI,PompeBianche,ND PETROLI DI DIBENNARDO NUNZIO & C. S.R.L.,VIA NEGHELLI - 97019 VITTORIA (RG),VITTORIA,RG,36.950195737067645,14.523078203201294,Gasolio,2,2.029,True,2026-06-09T16:12:54Z,2026-06-10T04:12:00Z,1,Bancomat
2026-06-10T20:01:57.266232,58643,SS115,Lukoil,ND PETROLI DI DIBENNARDO NUNZIO & C. S.R.L.,115 KM 294 + 300 - 97019 VITTORIA (RG),VITTORIA,RG,36.962622475918614,14.507568979401846,Benzina,1,1.908,False,2026-06-09T16:13:45Z,2026-06-09T16:13:00Z,0,
2026-06-10T20:01:57.266232,58643,SS115,Lukoil,ND PETROLI DI DIBENNARDO NUNZIO & C. S.R.L.,115 KM 294 + 300 - 97019 VITTORIA (RG),VITTORIA,RG,36.962622475918614,14.507568979401846,Benzina,1,1.908,True,2026-06-09T16:13:45Z,2026-06-09T16:13:00Z,0,
2026-06-10T20:01:57.266232,58643,SS115,Lukoil,ND PETROLI DI DIBENNARDO NUNZIO & C. S.R.L.,115 KM 294 + 300 - 97019 VITTORIA (RG),VITTORIA,RG,36.962622475918614,14.507568979401846,Gasolio,2,2.029,False,2026-06-09T16:13:46Z,2026-06-10T04:13:00Z,0,
2026-06-10T20:01:57.266232,58643,SS115,Lukoil,ND PETROLI DI DIBENNARDO NUNZIO & C. S.R.L.,115 KM 294 + 300 - 97019 VITTORIA (RG),VITTORIA,RG,36.962622475918614,14.507568979401846,Gasolio,2,2.029,True,2026-06-09T16:13:45Z,2026-06-10T04:13:00Z,0,
2026-06-10T20:01:57.266232,58643,SS115,Lukoil,ND PETROLI DI DIBENNARDO NUNZIO & C. S.R.L.,115 KM 294 + 300 - 97019 VITTORIA (RG),VITTORIA,RG,36.962622475918614,14.507568979401846,GPL,4,0.789,False,2026-06-10T15:50:40Z,2026-06-10T15:49:00Z,0,
2026-06-10T20:01:57.266232,14559,MENDOLILLA,Lukoil,ND PETROLI DI DIBENNARDO NUNZIO & C. S.R.L.,CONTRADA MENDOLILLA REGIA TRAZZERA 337 - 97013 COMISO (RG),COMISO,RG,36.968482394760564,14.615233540534973,Benzina,1,1.899,False,2026-06-10T15:49:25Z,2026-06-10T15:47:00Z,2,"Food&Beverage, Bancomat"
2026-06-10T20:01:57.266232,14559,MENDOLILLA,Lukoil,ND PETROLI DI DIBENNARDO NUNZIO & C. S.R.L.,CONTRADA MENDOLILLA REGIA TRAZZERA 337 - 97013 COMISO (RG),COMISO,RG,36.968482394760564,14.615233540534973,Benzina,1,1.899,True,2026-06-10T15:49:25Z,2026-06-10T15:47:00Z,2,"Food&Beverage, Bancomat"
2026-06-10T20:01:57.266232,14559,MENDOLILLA,Lukoil,ND PETROLI DI DIBENNARDO NUNZIO & C. S.R.L.,CONTRADA MENDOLILLA REGIA TRAZZERA 337 - 97013 COMISO (RG),COMISO,RG,36.968482394760564,14.615233540534973,Gasolio,2,2.029,False,2026-06-09T16:15:28Z,2026-06-10T04:14:00Z,2,"Food&Beverage, Bancomat"
2026-06-10T20:01:57.266232,14559,MENDOLILLA,Lukoil,ND PETROLI DI DIBENNARDO NUNZIO & C. S.R.L.,CONTRADA MENDOLILLA REGIA TRAZZERA 337 - 97013 COMISO (RG),COMISO,RG,36.968482394760564,14.615233540534973,Gasolio,2,2.029,True,2026-06-09T16:15:28Z,2026-06-10T04:14:00Z,2,"Food&Beverage, Bancomat"
2026-06-10T20:01:57.266232,27369,IACONO ANDREA,PompeBianche,IACONO ANDREA,S.P. N. 1 ACATE-DIRILLO S.N. - 97011 ACATE (RG),ACATE,RG,37.02346377261611,14.485264420509338,Benzina,1,1.909,True,2026-06-10T13:48:21Z,2026-06-10T13:48:00Z,2,"Servizi per disabili, Bancomat"
2026-06-10T20:01:57.266232,27369,IACONO ANDREA,PompeBianche,IACONO ANDREA,S.P. N. 1 ACATE-DIRILLO S.N. - 97011 ACATE (RG),ACATE,RG,37.02346377261611,14.485264420509338,Gasolio,2,1.999,True,2026-06-10T13:48:21Z,2026-06-10T13:48:00Z,2,"Servizi per disabili, Bancomat"
2026-06-10T20:01:57.266232,59125,29884 VITTORIA,AgipEni,ENIMOOV S.P.A.,"S.P. VITTORIA - SCOGLITTI KM.1,300,  74 - VITTORIA (RG)",VITTORIA,RG,36.93834,14.520724,Benzina,1,2.109,False,2026-06-10T05:56:35Z,2026-06-10T05:56:35Z,0,
2026-06-10T20:01:57.266232,59125,29884 VITTORIA,AgipEni,ENIMOOV S.P.A.,"S.P. VITTORIA - SCOGLITTI KM.1,300,  74 - VITTORIA (RG)",VITTORIA,RG,36.93834,14.520724,Benzina,1,1.889,True,2026-06-10T05:56:35Z,2026-06-10T05:56:35Z,0,
2026-06-10T20:01:57.266232,59125,29884 VITTORIA,AgipEni,ENIMOOV S.P.A.,"S.P. VITTORIA - SCOGLITTI KM.1,300,  74 - VITTORIA (RG)",VITTORIA,RG,36.93834,14.520724,Gasolio,2,2.239,False,2026-06-10T05:56:35Z,2026-06-10T05:56:35Z,0,
2026-06-10T20:01:57.266232,59125,29884 VITTORIA,AgipEni,ENIMOOV S.P.A.,"S.P. VITTORIA - SCOGLITTI KM.1,300,  74 - VITTORIA (RG)",VITTORIA,RG,36.93834,14.520724,Gasolio,2,2.019,True,2026-06-10T05:56:35Z,2026-06-10T05:56:35Z,0,
2026-06-10T20:01:57.266232,59125,29884 VITTORIA,AgipEni,ENIMOOV S.P.A.,"S.P. VITTORIA - SCOGLITTI KM.1,300,  74 - VITTORIA (RG)",VITTORIA,RG,36.93834,14.520724,Blue Diesel,20,2.339,False,2026-06-10T05:56:35Z,2026-06-10T05:56:35Z,0,
2026-06-10T20:01:57.266232,59125,29884 VITTORIA,AgipEni,ENIMOOV S.P.A.,"S.P. VITTORIA - SCOGLITTI KM.1,300,  74 - VITTORIA (RG)",VITTORIA,RG,36.93834,14.520724,Blue Diesel,20,2.119,True,2026-06-10T11:04:05Z,2026-06-10T11:04:05Z,0,
2026-06-10T20:01:57.266232,59125,29884 VITTORIA,AgipEni,ENIMOOV S.P.A.,"S.P. VITTORIA - SCOGLITTI KM.1,300,  74 - VITTORIA (RG)",VITTORIA,RG,36.93834,14.520724,HVOlution,394,2.019,True,2026-06-10T05:56:35Z,2026-06-10T05:56:35Z,0,
2026-06-10T20:01:57.266232,39585,RG014,Q8,EOS SERVICES S.R.L. A SOCIO UNICO,VIA MILANO ANG. VIA COMO SN - 97019 VITTORIA (RG),VITTORIA,RG,36.95202275860842,14.527702960364877,Benzina,1,1.899,True,2026-06-10T08:45:05Z,2026-06-10T08:45:05Z,0,
2026-06-10T20:01:57.266232,39585,RG014,Q8,EOS SERVICES S.R.L. A SOCIO UNICO,VIA MILANO ANG. VIA COMO SN - 97019 VITTORIA (RG),VITTORIA,RG,36.95202275860842,14.527702960364877,Gasolio,2,1.939,True,2026-06-10T08:45:05Z,2026-06-10T08:45:05Z,0,
2026-06-10T20:01:57.266232,21076,IMPIANTO VITTORIA,PompeBianche,REGALGAS DI GRASSO CONCETTO & C. S.A.S.,C.DA CICCHITTO SN - 97019 VITTORIA (RG),VITTORIA,RG,36.935827518503395,14.504560728836054,Benzina,1,1.919,True,2026-06-10T07:28:14Z,2026-06-10T07:27:00Z,1,Bancomat
2026-06-10T20:01:57.266232,21076,IMPIANTO VITTORIA,PompeBianche,REGALGAS DI GRASSO CONCETTO & C. S.A.S.,C.DA CICCHITTO SN - 97019 VITTORIA (RG),VITTORIA,RG,36.935827518503395,14.504560728836054,Gasolio,2,1.979,True,2026-06-10T07:28:14Z,2026-06-10T07:27:00Z,1,Bancomat
2026-06-10T20:01:57.266232,60482,NOBILE OIL (VITTORIA),Q8,NOBILE ENERGY S.R.L.,"S.P.2 VITTORIA/ACATE KM 0,825 sn - 97019 VITTORIA (RG)",VITTORIA,RG,36.967277,14.5246819,Benzina,1,1.889,True,2026-06-10T07:18:54Z,2026-06-10T07:18:00Z,2,"Bancomat, Food&Beverage"
2026-06-10T20:01:57.266232,60482,NOBILE OIL (VITTORIA),Q8,NOBILE ENERGY S.R.L.,"S.P.2 VITTORIA/ACATE KM 0,825 sn - 97019 VITTORIA (RG)",VITTORIA,RG,36.967277,14.5246819,Gasolio,2,1.989,True,2026-06-10T07:18:54Z,2026-06-10T07:18:00Z,2,"Bancomat, Food&Beverage"
2026-06-10T20:01:57.266232,59642,29927 COMISO,AgipEni,ENIMOOV S.P.A.,"S.P. 4 COMISO/GRAMMICHELE KM 2 C/DA BILLONA,  SN - COMISO (RG)",COMISO,RG,36.97636,14.59263,Benzina,1,2.109,False,2026-06-10T06:20:48Z,2026-06-10T06:20:48Z,0,
2026-06-10T20:01:57.266232,59642,29927 COMISO,AgipEni,ENIMOOV S.P.A.,"S.P. 4 COMISO/GRAMMICHELE KM 2 C/DA BILLONA,  SN - COMISO (RG)",COMISO,RG,36.97636,14.59263,Benzina,1,1.889,True,2026-06-10T06:20:48Z,2026-06-10T06:20:48Z,0,
2026-06-10T20:01:57.266232,59642,29927 COMISO,AgipEni,ENIMOOV S.P.A.,"S.P. 4 COMISO/GRAMMICHELE KM 2 C/DA BILLONA,  SN - COMISO (RG)",COMISO,RG,36.97636,14.59263,Gasolio,2,2.239,False,2026-06-10T06:20:48Z,2026-06-10T06:20:48Z,0,
2026-06-10T20:01:57.266232,59642,29927 COMISO,AgipEni,ENIMOOV S.P.A.,"S.P. 4 COMISO/GRAMMICHELE KM 2 C/DA BILLONA,  SN - COMISO (RG)",COMISO,RG,36.97636,14.59263,Gasolio,2,2.019,True,2026-06-10T06:20:48Z,2026-06-10T06:20:48Z,0,
2026-06-10T20:01:57.266232,59642,29927 COMISO,AgipEni,ENIMOOV S.P.A.,"S.P. 4 COMISO/GRAMMICHELE KM 2 C/DA BILLONA,  SN - COMISO (RG)",COMISO,RG,36.97636,14.59263,GPL,4,0.787,False,2026-06-09T06:00:46Z,2026-06-09T06:00:45Z,0,
2026-06-10T20:01:57.266232,59642,29927 COMISO,AgipEni,ENIMOOV S.P.A.,"S.P. 4 COMISO/GRAMMICHELE KM 2 C/DA BILLONA,  SN - COMISO (RG)",COMISO,RG,36.97636,14.59263,Blue Diesel,20,2.339,False,2026-06-10T06:20:48Z,2026-06-10T06:20:48Z,0,
2026-06-10T20:01:57.266232,59642,29927 COMISO,AgipEni,ENIMOOV S.P.A.,"S.P. 4 COMISO/GRAMMICHELE KM 2 C/DA BILLONA,  SN - COMISO (RG)",COMISO,RG,36.97636,14.59263,Blue Diesel,20,2.119,True,2026-06-10T06:20:48Z,2026-06-10T06:20:48Z,0,
2026-06-10T20:01:57.266232,12319,VIA INCARDONA,AgipEni,SERVIZI E GESTIONI ZENIT S.R.L. IN SIGLA - ZENIT S.R.L.,VIA SALVATORE INCARDONA SNC - 97019 VITTORIA (RG),VITTORIA,RG,36.94654235089755,14.503771974205051,Benzina,1,2.078,False,2026-06-10T05:58:35Z,2026-06-10T05:58:35Z,0,
2026-06-10T20:01:57.266232,12319,VIA INCARDONA,AgipEni,SERVIZI E GESTIONI ZENIT S.R.L. IN SIGLA - ZENIT S.R.L.,VIA SALVATORE INCARDONA SNC - 97019 VITTORIA (RG),VITTORIA,RG,36.94654235089755,14.503771974205051,Benzina,1,1.868,True,2026-06-10T05:58:35Z,2026-06-10T05:58:35Z,0,
2026-06-10T20:01:57.266232,12319,VIA INCARDONA,AgipEni,SERVIZI E GESTIONI ZENIT S.R.L. IN SIGLA - ZENIT S.R.L.,VIA SALVATORE INCARDONA SNC - 97019 VITTORIA (RG),VITTORIA,RG,36.94654235089755,14.503771974205051,Gasolio,2,2.178,False,2026-06-10T05:58:35Z,2026-06-10T05:58:35Z,0,
2026-06-10T20:01:57.266232,12319,VIA INCARDONA,AgipEni,SERVIZI E GESTIONI ZENIT S.R.L. IN SIGLA - ZENIT S.R.L.,VIA SALVATORE INCARDONA SNC - 97019 VITTORIA (RG),VITTORIA,RG,36.94654235089755,14.503771974205051,Gasolio,2,1.968,True,2026-06-10T05:58:35Z,2026-06-10T05:58:35Z,0,
2026-06-10T20:01:57.266232,50745,VITAL CARBURANTI,Vital,VITAL SRL,CONTRADA CROCILLA - 97013 COMISO (RG),COMISO,RG,36.961609977922365,14.601004847060443,Benzina,1,2.179,False,2026-06-10T05:05:29Z,2026-06-10T05:05:00Z,3,"Servizi per disabili, Food&Beverage, Bancomat"
2026-06-10T20:01:57.266232,50745,VITAL CARBURANTI,Vital,VITAL SRL,CONTRADA CROCILLA - 97013 COMISO (RG),COMISO,RG,36.961609977922365,14.601004847060443,Benzina,1,1.889,True,2026-06-10T05:05:29Z,2026-06-10T05:05:00Z,3,"Servizi per disabili, Food&Beverage, Bancomat"
2026-06-10T20:01:57.266232,50745,VITAL CARBURANTI,Vital,VITAL SRL,CONTRADA CROCILLA - 97013 COMISO (RG),COMISO,RG,36.961609977922365,14.601004847060443,Gasolio,2,2.309,False,2026-06-10T05:05:29Z,2026-06-10T05:05:00Z,3,"Servizi per disabili, Food&Beverage, Bancomat"
2026-06-10T20:01:57.266232,50745,VITAL CARBURANTI,Vital,VITAL SRL,CONTRADA CROCILLA - 97013 COMISO (RG),COMISO,RG,36.961609977922365,14.601004847060443,Gasolio,2,2.019,True,2026-06-10T05:05:29Z,2026-06-10T05:05:00Z,3,"Servizi per disabili, Food&Beverage, Bancomat"
2026-06-10T20:01:57.266232,48311,9926,AgipEni,GESTIONI INNOVATIVE ITALIA S.R.L.,VIA GENERALE CASCINO 43a - 97019 VITTORIA (RG),VITTORIA,RG,36.95794615577735,14.523671941188669,Benzina,1,1.849,True,2026-06-10T04:08:46Z,2026-06-10T04:08:46Z,0,
2026-06-10T20:01:57.266232,48311,9926,AgipEni,GESTIONI INNOVATIVE ITALIA S.R.L.,VIA GENERALE CASCINO 43a - 97019 VITTORIA (RG),VITTORIA,RG,36.95794615577735,14.523671941188669,Gasolio,2,1.964,True,2026-06-10T04:08:46Z,2026-06-10T04:08:46Z,0,
2026-06-10T20:01:57.266232,48311,9926,AgipEni,GESTIONI INNOVATIVE ITALIA S.R.L.,VIA GENERALE CASCINO 43a - 97019 VITTORIA (RG),VITTORIA,RG,36.95794615577735,14.523671941188669,Blue Diesel,20,2.064,True,2026-06-10T04:08:46Z,2026-06-10T04:08:46Z,0,
2026-06-10T20:01:57.266232,48311,9926,AgipEni,GESTIONI INNOVATIVE ITALIA S.R.L.,VIA GENERALE CASCINO 43a - 97019 VITTORIA (RG),VITTORIA,RG,36.95794615577735,14.523671941188669,HVOlution,394,1.964,True,2026-06-10T04:08:46Z,2026-06-10T04:08:46Z,0,
2026-06-10T20:01:57.266232,7690,SS 115 VITT-GELA,Esso,SERVIZI E GESTIONI ZENIT S.R.L. IN SIGLA - ZENIT S.R.L.,"Statale 115 Sud Occidentale Sicula, Km. 294-814, dir. Vittoria - - 97019 VITTORIA (RG)",VITTORIA,RG,36.96158022690632,14.512932355819657,Benzina,1,2.078,False,2026-06-10T03:59:02Z,2026-06-10T03:59:01Z,0,
2026-06-10T20:01:57.266232,7690,SS 115 VITT-GELA,Esso,SERVIZI E GESTIONI ZENIT S.R.L. IN SIGLA - ZENIT S.R.L.,"Statale 115 Sud Occidentale Sicula, Km. 294-814, dir. Vittoria - - 97019 VITTORIA (RG)",VITTORIA,RG,36.96158022690632,14.512932355819657,Benzina,1,1.868,True,2026-06-10T03:59:01Z,2026-06-10T03:59:01Z,0,
2026-06-10T20:01:57.266232,7690,SS 115 VITT-GELA,Esso,SERVIZI E GESTIONI ZENIT S.R.L. IN SIGLA - ZENIT S.R.L.,"Statale 115 Sud Occidentale Sicula, Km. 294-814, dir. Vittoria - - 97019 VITTORIA (RG)",VITTORIA,RG,36.96158022690632,14.512932355819657,Gasolio,2,2.178,False,2026-06-10T03:59:02Z,2026-06-10T03:59:01Z,0,
2026-06-10T20:01:57.266232,7690,SS 115 VITT-GELA,Esso,SERVIZI E GESTIONI ZENIT S.R.L. IN SIGLA - ZENIT S.R.L.,"Statale 115 Sud Occidentale Sicula, Km. 294-814, dir. Vittoria - - 97019 VITTORIA (RG)",VITTORIA,RG,36.96158022690632,14.512932355819657,Gasolio,2,1.968,True,2026-06-10T03:59:02Z,2026-06-10T03:59:01Z,0,
2026-06-10T20:01:57.266232,20504,VIA GARIBALDI VITTORIA,Giap,SERVIZI E GESTIONI ZENIT S.R.L. IN SIGLA - ZENIT S.R.L.,VIA GARIBALDI - 97019 VITTORIA (RG),VITTORIA,RG,36.954472692008565,14.541258017049472,Benzina,1,1.889,False,2026-06-10T03:59:01Z,2026-06-10T03:59:01Z,0,
2026-06-10T20:01:57.266232,20504,VIA GARIBALDI VITTORIA,Giap,SERVIZI E GESTIONI ZENIT S.R.L. IN SIGLA - ZENIT S.R.L.,VIA GARIBALDI - 97019 VITTORIA (RG),VITTORIA,RG,36.954472692008565,14.541258017049472,Benzina,1,1.889,True,2026-06-10T03:59:01Z,2026-06-10T03:59:01Z,0,
2026-06-10T20:01:57.266232,20504,VIA GARIBALDI VITTORIA,Giap,SERVIZI E GESTIONI ZENIT S.R.L. IN SIGLA - ZENIT S.R.L.,VIA GARIBALDI - 97019 VITTORIA (RG),VITTORIA,RG,36.954472692008565,14.541258017049472,Gasolio,2,1.999,False,2026-06-10T03:59:01Z,2026-06-10T03:59:01Z,0,
2026-06-10T20:01:57.266232,20504,VIA GARIBALDI VITTORIA,Giap,SERVIZI E GESTIONI ZENIT S.R.L. IN SIGLA - ZENIT S.R.L.,VIA GARIBALDI - 97019 VITTORIA (RG),VITTORIA,RG,36.954472692008565,14.541258017049472,Gasolio,2,1.999,True,2026-06-10T03:59:01Z,2026-06-10T03:59:01Z,0,
2026-06-10T20:01:57.266232,57589,VIA XXV LUGLIO - FRAZ. PEDALINO,Giap,SERVIZI E GESTIONI ZENIT S.R.L. IN SIGLA - ZENIT S.R.L.,Via XXV Luglio - 97013 COMISO (RG),COMISO,RG,37.021952351890384,14.573092623925197,Benzina,1,1.898,False,2026-06-10T03:59:01Z,2026-06-10T03:59:01Z,0,
2026-06-10T20:01:57.266232,57589,VIA XXV LUGLIO - FRAZ. PEDALINO,Giap,SERVIZI E GESTIONI ZENIT S.R.L. IN SIGLA - ZENIT S.R.L.,Via XXV Luglio - 97013 COMISO (RG),COMISO,RG,37.021952351890384,14.573092623925197,Benzina,1,1.898,True,2026-06-10T03:59:01Z,2026-06-10T03:59:01Z,0,
2026-06-10T20:01:57.266232,57589,VIA XXV LUGLIO - FRAZ. PEDALINO,Giap,SERVIZI E GESTIONI ZENIT S.R.L. IN SIGLA - ZENIT S.R.L.,Via XXV Luglio - 97013 COMISO (RG),COMISO,RG,37.021952351890384,14.573092623925197,Gasolio,2,2.028,False,2026-06-10T03:59:01Z,2026-06-10T03:59:01Z,0,
2026-06-10T20:01:57.266232,57589,VIA XXV LUGLIO - FRAZ. PEDALINO,Giap,SERVIZI E GESTIONI ZENIT S.R.L. IN SIGLA - ZENIT S.R.L.,Via XXV Luglio - 97013 COMISO (RG),COMISO,RG,37.021952351890384,14.573092623925197,Gasolio,2,2.028,True,2026-06-10T03:59:01Z,2026-06-10T03:59:01Z,0,
2026-06-10T20:01:57.266232,12313,"S.P. 2 VITTORIA-ACATE, KM 2+978 - VITTORIA",Giap,SERVIZI E GESTIONI ZENIT S.R.L. IN SIGLA - ZENIT S.R.L.,"VIA SP VITTORIA-ACATE KM 2,978 SNC - 97019 VITTORIA (RG)",VITTORIA,RG,36.98473700897946,14.514535879623395,Benzina,1,2.078,False,2026-06-10T03:59:00Z,2026-06-10T03:59:00Z,0,
2026-06-10T20:01:57.266232,12313,"S.P. 2 VITTORIA-ACATE, KM 2+978 - VITTORIA",Giap,SERVIZI E GESTIONI ZENIT S.R.L. IN SIGLA - ZENIT S.R.L.,"VIA SP VITTORIA-ACATE KM 2,978 SNC - 97019 VITTORIA (RG)",VITTORIA,RG,36.98473700897946,14.514535879623395,Benzina,1,1.868,True,2026-06-10T03:59:00Z,2026-06-10T03:59:00Z,0,
2026-06-10T20:01:57.266232,12313,"S.P. 2 VITTORIA-ACATE, KM 2+978 - VITTORIA",Giap,SERVIZI E GESTIONI ZENIT S.R.L. IN SIGLA - ZENIT S.R.L.,"VIA SP VITTORIA-ACATE KM 2,978 SNC - 97019 VITTORIA (RG)",VITTORIA,RG,36.98473700897946,14.514535879623395,Gasolio,2,2.178,False,2026-06-10T03:59:00Z,2026-06-10T03:59:00Z,0,
2026-06-10T20:01:57.266232,12313,"S.P. 2 VITTORIA-ACATE, KM 2+978 - VITTORIA",Giap,SERVIZI E GESTIONI ZENIT S.R.L. IN SIGLA - ZENIT S.R.L.,"VIA SP VITTORIA-ACATE KM 2,978 SNC - 97019 VITTORIA (RG)",VITTORIA,RG,36.98473700897946,14.514535879623395,Gasolio,2,1.968,True,2026-06-10T03:59:00Z,2026-06-10T03:59:00Z,0,
2026-06-10T20:01:57.266232,12347,VIA V.EMANUELE C,Giap,SERVIZI E GESTIONI ZENIT S.R.L. IN SIGLA - ZENIT S.R.L.,VIA VITTORIO EMANUELE - 97013 COMISO (RG),COMISO,RG,36.946439114737096,14.611125085321191,Benzina,1,1.898,False,2026-06-10T03:59:00Z,2026-06-10T03:59:00Z,0,
2026-06-10T20:01:57.266232,12347,VIA V.EMANUELE C,Giap,SERVIZI E GESTIONI ZENIT S.R.L. IN SIGLA - ZENIT S.R.L.,VIA VITTORIO EMANUELE - 97013 COMISO (RG),COMISO,RG,36.946439114737096,14.611125085321191,Benzina,1,1.898,True,2026-06-10T03:59:00Z,2026-06-10T03:59:00Z,0,
2026-06-10T20:01:57.266232,12347,VIA V.EMANUELE C,Giap,SERVIZI E GESTIONI ZENIT S.R.L. IN SIGLA - ZENIT S.R.L.,VIA VITTORIO EMANUELE - 97013 COMISO (RG),COMISO,RG,36.946439114737096,14.611125085321191,Gasolio,2,2.028,False,2026-06-10T03:59:00Z,2026-06-10T03:59:00Z,0,
2026-06-10T20:01:57.266232,12347,VIA V.EMANUELE C,Giap,SERVIZI E GESTIONI ZENIT S.R.L. IN SIGLA - ZENIT S.R.L.,VIA VITTORIO EMANUELE - 97013 COMISO (RG),COMISO,RG,36.946439114737096,14.611125085321191,Gasolio,2,2.028,True,2026-06-10T03:59:00Z,2026-06-10T03:59:00Z,0,
2026-06-10T20:01:57.266232,12356,SP 3 C.DA FOSSAT,Giap,SERVIZI E GESTIONI ZENIT S.R.L. IN SIGLA - ZENIT S.R.L.,S.P. 3 C.DA FOSSATI - 97019 VITTORIA (RG),VITTORIA,RG,37.02571786204184,14.505105898147576,Benzina,1,2.098,False,2026-06-10T03:59:00Z,2026-06-10T03:59:00Z,0,
2026-06-10T20:01:57.266232,12356,SP 3 C.DA FOSSAT,Giap,SERVIZI E GESTIONI ZENIT S.R.L. IN SIGLA - ZENIT S.R.L.,S.P. 3 C.DA FOSSATI - 97019 VITTORIA (RG),VITTORIA,RG,37.02571786204184,14.505105898147576,Benzina,1,1.888,True,2026-06-10T03:59:00Z,2026-06-10T03:59:00Z,0,
2026-06-10T20:01:57.266232,12356,SP 3 C.DA FOSSAT,Giap,SERVIZI E GESTIONI ZENIT S.R.L. IN SIGLA - ZENIT S.R.L.,S.P. 3 C.DA FOSSATI - 97019 VITTORIA (RG),VITTORIA,RG,37.02571786204184,14.505105898147576,Gasolio,2,2.238,False,2026-06-10T03:59:00Z,2026-06-10T03:59:00Z,0,
2026-06-10T20:01:57.266232,12356,SP 3 C.DA FOSSAT,Giap,SERVIZI E GESTIONI ZENIT S.R.L. IN SIGLA - ZENIT S.R.L.,S.P. 3 C.DA FOSSATI - 97019 VITTORIA (RG),VITTORIA,RG,37.02571786204184,14.505105898147576,Gasolio,2,2.028,True,2026-06-10T03:59:00Z,2026-06-10T03:59:00Z,0,
2026-06-10T20:01:57.266232,12356,SP 3 C.DA FOSSAT,Giap,SERVIZI E GESTIONI ZENIT S.R.L. IN SIGLA - ZENIT S.R.L.,S.P. 3 C.DA FOSSATI - 97019 VITTORIA (RG),VITTORIA,RG,37.02571786204184,14.505105898147576,GPL,4,0.858,False,2026-06-10T03:59:00Z,2026-06-10T03:59:00Z,0,
2026-06-10T20:01:57.266232,12296,V. ADUA VITTORIA,Giap,SERVIZI E GESTIONI ZENIT S.R.L. IN SIGLA - ZENIT S.R.L.,VIA ADUA ANGOLO VIA LA MARMORA SNC - 97019 VITTORIA (RG),VITTORIA,RG,36.944229102155646,14.528420396133129,Benzina,1,1.889,False,2026-06-10T03:58:59Z,2026-06-10T03:58:59Z,0,
2026-06-10T20:01:57.266232,12296,V. ADUA VITTORIA,Giap,SERVIZI E GESTIONI ZENIT S.R.L. IN SIGLA - ZENIT S.R.L.,VIA ADUA ANGOLO VIA LA MARMORA SNC - 97019 VITTORIA (RG),VITTORIA,RG,36.944229102155646,14.528420396133129,Benzina,1,1.889,True,2026-06-10T03:58:59Z,2026-06-10T03:58:59Z,0,
2026-06-10T20:01:57.266232,12296,V. ADUA VITTORIA,Giap,SERVIZI E GESTIONI ZENIT S.R.L. IN SIGLA - ZENIT S.R.L.,VIA ADUA ANGOLO VIA LA MARMORA SNC - 97019 VITTORIA (RG),VITTORIA,RG,36.944229102155646,14.528420396133129,Gasolio,2,1.999,False,2026-06-10T03:58:59Z,2026-06-10T03:58:59Z,0,
2026-06-10T20:01:57.266232,12296,V. ADUA VITTORIA,Giap,SERVIZI E GESTIONI ZENIT S.R.L. IN SIGLA - ZENIT S.R.L.,VIA ADUA ANGOLO VIA LA MARMORA SNC - 97019 VITTORIA (RG),VITTORIA,RG,36.944229102155646,14.528420396133129,Gasolio,2,1.999,True,2026-06-10T03:58:59Z,2026-06-10T03:58:59Z,0,
2026-06-10T20:01:57.266232,16791,VITTORIA VIA G CASCINO,Q8,SERVIZI & GESTIONI ITALIA S.R.L.,VIA G CASCINO - 97019 VITTORIA (RG),VITTORIA,RG,36.95657145495783,14.52635134907382,Benzina,1,1.859,True,2026-06-09T23:40:11Z,2026-06-09T23:40:11Z,0,
2026-06-10T20:01:57.266232,16791,VITTORIA VIA G CASCINO,Q8,SERVIZI & GESTIONI ITALIA S.R.L.,VIA G CASCINO - 97019 VITTORIA (RG),VITTORIA,RG,36.95657145495783,14.52635134907382,Gasolio,2,1.969,True,2026-06-09T23:40:11Z,2026-06-09T23:40:11Z,0,
2026-06-10T20:01:57.266232,18960,Eni - SP Comiso - Chiaramonte ,AgipEni,SALLEMI CARBURANTI S.R.L.,S.P. Comiso - Chiaramonte - 97013 COMISO (RG),COMISO,RG,36.95920909069254,14.606991112232208,Benzina,1,2.119,False,2026-06-09T05:12:09Z,2026-06-09T05:12:09Z,1,Bancomat
2026-06-10T20:01:57.266232,18960,Eni - SP Comiso - Chiaramonte ,AgipEni,SALLEMI CARBURANTI S.R.L.,S.P. Comiso - Chiaramonte - 97013 COMISO (RG),COMISO,RG,36.95920909069254,14.606991112232208,Benzina,1,1.909,True,2026-06-09T05:12:09Z,2026-06-09T05:12:09Z,1,Bancomat
2026-06-10T20:01:57.266232,18960,Eni - SP Comiso - Chiaramonte ,AgipEni,SALLEMI CARBURANTI S.R.L.,S.P. Comiso - Chiaramonte - 97013 COMISO (RG),COMISO,RG,36.95920909069254,14.606991112232208,Gasolio,2,2.249,False,2026-06-09T05:12:09Z,2026-06-09T05:12:09Z,1,Bancomat
2026-06-10T20:01:57.266232,18960,Eni - SP Comiso - Chiaramonte ,AgipEni,SALLEMI CARBURANTI S.R.L.,S.P. Comiso - Chiaramonte - 97013 COMISO (RG),COMISO,RG,36.95920909069254,14.606991112232208,Gasolio,2,2.039,True,2026-06-09T21:57:48Z,2026-06-09T21:57:48Z,1,Bancomat
2026-06-10T20:01:57.266232,18960,Eni - SP Comiso - Chiaramonte ,AgipEni,SALLEMI CARBURANTI S.R.L.,S.P. Comiso - Chiaramonte - 97013 COMISO (RG),COMISO,RG,36.95920909069254,14.606991112232208,Blue Diesel,20,2.349,False,2026-06-09T05:12:09Z,2026-06-09T05:12:09Z,1,Bancomat
2026-06-10T20:01:57.266232,18960,Eni - SP Comiso - Chiaramonte ,AgipEni,SALLEMI CARBURANTI S.R.L.,S.P. Comiso - Chiaramonte - 97013 COMISO (RG),COMISO,RG,36.95920909069254,14.606991112232208,Blue Diesel,20,2.139,True,2026-06-09T21:57:48Z,2026-06-09T21:57:48Z,1,Bancomat
2026-06-10T20:01:57.266232,29159,eni,AgipEni,DI PASQUALE FRANCESCO,"Statale 115 dir Sud Occidentale Sicula, Km. 299, dir. vittoria comiso - - 97019 VITTORIA (RG)",VITTORIA,RG,36.95886591151352,14.558086395263672,Benzina,1,2.129,False,2026-06-09T21:29:55Z,2026-06-09T21:29:55Z,3,"Sosta Camper/Tir, Servizi per disabili, Bancomat"
2026-06-10T20:01:57.266232,29159,eni,AgipEni,DI PASQUALE FRANCESCO,"Statale 115 dir Sud Occidentale Sicula, Km. 299, dir. vittoria comiso - - 97019 VITTORIA (RG)",VITTORIA,RG,36.95886591151352,14.558086395263672,Benzina,1,1.909,True,2026-06-09T21:29:55Z,2026-06-09T21:29:55Z,3,"Sosta Camper/Tir, Servizi per disabili, Bancomat"
2026-06-10T20:01:57.266232,29159,eni,AgipEni,DI PASQUALE FRANCESCO,"Statale 115 dir Sud Occidentale Sicula, Km. 299, dir. vittoria comiso - - 97019 VITTORIA (RG)",VITTORIA,RG,36.95886591151352,14.558086395263672,Gasolio,2,2.259,False,2026-06-09T21:29:55Z,2026-06-09T21:29:55Z,3,"Sosta Camper/Tir, Servizi per disabili, Bancomat"
2026-06-10T20:01:57.266232,29159,eni,AgipEni,DI PASQUALE FRANCESCO,"Statale 115 dir Sud Occidentale Sicula, Km. 299, dir. vittoria comiso - - 97019 VITTORIA (RG)",VITTORIA,RG,36.95886591151352,14.558086395263672,Gasolio,2,2.039,True,2026-06-09T21:29:55Z,2026-06-09T21:29:55Z,3,"Sosta Camper/Tir, Servizi per disabili, Bancomat"
2026-06-10T20:01:57.266232,29159,eni,AgipEni,DI PASQUALE FRANCESCO,"Statale 115 dir Sud Occidentale Sicula, Km. 299, dir. vittoria comiso - - 97019 VITTORIA (RG)",VITTORIA,RG,36.95886591151352,14.558086395263672,Blue Diesel,20,2.359,False,2026-06-09T21:29:55Z,2026-06-09T21:29:55Z,3,"Sosta Camper/Tir, Servizi per disabili, Bancomat"
2026-06-10T20:01:57.266232,29159,eni,AgipEni,DI PASQUALE FRANCESCO,"Statale 115 dir Sud Occidentale Sicula, Km. 299, dir. vittoria comiso - - 97019 VITTORIA (RG)",VITTORIA,RG,36.95886591151352,14.558086395263672,Blue Diesel,20,2.139,True,2026-06-09T21:29:55Z,2026-06-09T21:29:55Z,3,"Sosta Camper/Tir, Servizi per disabili, Bancomat"
2026-06-10T20:01:57.266232,43760,Gianninoto antonino,PompeBianche,GIANNINOTO ANTONINO,XX SETTEMBRE EX SP ACATE-V SNC - 97011 ACATE (RG),ACATE,RG,37.0206632830503,14.495449069940605,Benzina,1,1.889,False,2026-06-09T20:02:00Z,2026-06-09T20:03:24Z,0,
2026-06-10T20:01:57.266232,43760,Gianninoto antonino,PompeBianche,GIANNINOTO ANTONINO,XX SETTEMBRE EX SP ACATE-V SNC - 97011 ACATE (RG),ACATE,RG,37.0206632830503,14.495449069940605,Benzina,1,1.889,True,2026-06-09T20:02:00Z,2026-06-09T20:03:24Z,0,
2026-06-10T20:01:57.266232,43760,Gianninoto antonino,PompeBianche,GIANNINOTO ANTONINO,XX SETTEMBRE EX SP ACATE-V SNC - 97011 ACATE (RG),ACATE,RG,37.0206632830503,14.495449069940605,Gasolio,2,1.989,False,2026-06-09T20:02:00Z,2026-06-09T20:03:24Z,0,
2026-06-10T20:01:57.266232,43760,Gianninoto antonino,PompeBianche,GIANNINOTO ANTONINO,XX SETTEMBRE EX SP ACATE-V SNC - 97011 ACATE (RG),ACATE,RG,37.0206632830503,14.495449069940605,Gasolio,2,1.989,True,2026-06-09T20:02:01Z,2026-06-09T20:03:24Z,0,
2026-06-10T20:01:57.266232,62534,STAZIONE DI SERVIZIO RB Q8 ,Q8,STAZIONE DI SERVIZIO Q8 RB DI SIGGIA GIAMPIERO S.A.S.,Via Giuseppe Garibaldi 449 - 97019 VITTORIA (RG),VITTORIA,RG,36.942055,14.5285236,Benzina,1,2.109,False,2026-06-09T16:42:20Z,2026-06-09T16:41:00Z,2,"Food&Beverage, Colonnina ricarica elettrica"
2026-06-10T20:01:57.266232,62534,STAZIONE DI SERVIZIO RB Q8 ,Q8,STAZIONE DI SERVIZIO Q8 RB DI SIGGIA GIAMPIERO S.A.S.,Via Giuseppe Garibaldi 449 - 97019 VITTORIA (RG),VITTORIA,RG,36.942055,14.5285236,Benzina,1,1.899,True,2026-06-09T16:42:20Z,2026-06-09T16:41:00Z,2,"Food&Beverage, Colonnina ricarica elettrica"
2026-06-10T20:01:57.266232,62534,STAZIONE DI SERVIZIO RB Q8 ,Q8,STAZIONE DI SERVIZIO Q8 RB DI SIGGIA GIAMPIERO S.A.S.,Via Giuseppe Garibaldi 449 - 97019 VITTORIA (RG),VITTORIA,RG,36.942055,14.5285236,Gasolio,2,2.249,False,2026-06-09T16:42:20Z,2026-06-09T16:41:00Z,2,"Food&Beverage, Colonnina ricarica elettrica"
2026-06-10T20:01:57.266232,62534,STAZIONE DI SERVIZIO RB Q8 ,Q8,STAZIONE DI SERVIZIO Q8 RB DI SIGGIA GIAMPIERO S.A.S.,Via Giuseppe Garibaldi 449 - 97019 VITTORIA (RG),VITTORIA,RG,36.942055,14.5285236,Gasolio,2,2.039,True,2026-06-09T16:42:20Z,2026-06-09T16:41:00Z,2,"Food&Beverage, Colonnina ricarica elettrica"
2026-06-10T20:01:57.266232,62534,STAZIONE DI SERVIZIO RB Q8 ,Q8,STAZIONE DI SERVIZIO Q8 RB DI SIGGIA GIAMPIERO S.A.S.,Via Giuseppe Garibaldi 449 - 97019 VITTORIA (RG),VITTORIA,RG,36.942055,14.5285236,Hi-Q Diesel,6,2.499,False,2026-06-09T16:42:20Z,2026-06-09T16:41:00Z,2,"Food&Beverage, Colonnina ricarica elettrica"
2026-06-10T20:01:57.266232,62534,STAZIONE DI SERVIZIO RB Q8 ,Q8,STAZIONE DI SERVIZIO Q8 RB DI SIGGIA GIAMPIERO S.A.S.,Via Giuseppe Garibaldi 449 - 97019 VITTORIA (RG),VITTORIA,RG,36.942055,14.5285236,Hi-Q Diesel,6,2.339,True,2026-06-09T16:42:20Z,2026-06-09T16:41:00Z,2,"Food&Beverage, Colonnina ricarica elettrica"
2026-06-10T20:01:57.266232,53827,GENERALE GIRLANDO,PompeBianche,ND PETROLI DI DIBENNARDO NUNZIO & C. S.R.L.,GENERALE GIRLANDO 65 - 97013 COMISO (RG),COMISO,RG,36.9508544444436,14.606282790117007,Benzina,1,1.888,True,2026-06-09T16:14:49Z,2026-06-09T16:14:00Z,0,
2026-06-10T20:01:57.266232,53827,GENERALE GIRLANDO,PompeBianche,ND PETROLI DI DIBENNARDO NUNZIO & C. S.R.L.,GENERALE GIRLANDO 65 - 97013 COMISO (RG),COMISO,RG,36.9508544444436,14.606282790117007,Gasolio,2,2.019,True,2026-06-09T16:14:49Z,2026-06-10T04:14:00Z,0,
2026-06-10T20:01:57.266232,4931,_PIAVE,Lukoil,ND PETROLI DI DIBENNARDO NUNZIO & C. S.R.L.,VIA PIAVE EX V. EMANUELE - 97013 COMISO (RG),COMISO,RG,36.94063122516729,14.595508575439453,Benzina,1,2.049,False,2026-06-09T16:14:20Z,2026-06-09T16:13:00Z,0,
2026-06-10T20:01:57.266232,4931,_PIAVE,Lukoil,ND PETROLI DI DIBENNARDO NUNZIO & C. S.R.L.,VIA PIAVE EX V. EMANUELE - 97013 COMISO (RG),COMISO,RG,36.94063122516729,14.595508575439453,Benzina,1,1.899,True,2026-06-09T16:14:20Z,2026-06-09T16:13:00Z,0,
2026-06-10T20:01:57.266232,4931,_PIAVE,Lukoil,ND PETROLI DI DIBENNARDO NUNZIO & C. S.R.L.,VIA PIAVE EX V. EMANUELE - 97013 COMISO (RG),COMISO,RG,36.94063122516729,14.595508575439453,Gasolio,2,2.179,False,2026-06-09T16:14:20Z,2026-06-10T04:13:00Z,0,
2026-06-10T20:01:57.266232,4931,_PIAVE,Lukoil,ND PETROLI DI DIBENNARDO NUNZIO & C. S.R.L.,VIA PIAVE EX V. EMANUELE - 97013 COMISO (RG),COMISO,RG,36.94063122516729,14.595508575439453,Gasolio,2,2.029,True,2026-06-09T16:14:20Z,2026-06-10T04:13:00Z,0,
2026-06-10T20:01:57.266232,4931,_PIAVE,Lukoil,ND PETROLI DI DIBENNARDO NUNZIO & C. S.R.L.,VIA PIAVE EX V. EMANUELE - 97013 COMISO (RG),COMISO,RG,36.94063122516729,14.595508575439453,GPL,4,0.789,False,2026-06-09T16:14:20Z,2026-06-09T16:13:00Z,0,
2026-06-10T20:01:57.266232,14273,GOITO,PompeBianche,ND PETROLI DI DIBENNARDO NUNZIO & C. S.R.L.,VIA GOITO 85 - 97019 VITTORIA (RG),VITTORIA,RG,36.94579882784587,14.532961221838946,Benzina,1,1.899,False,2026-06-09T16:12:14Z,2026-06-09T16:11:00Z,0,
2026-06-10T20:01:57.266232,14273,GOITO,PompeBianche,ND PETROLI DI DIBENNARDO NUNZIO & C. S.R.L.,VIA GOITO 85 - 97019 VITTORIA (RG),VITTORIA,RG,36.94579882784587,14.532961221838946,Benzina,1,1.899,True,2026-06-09T16:12:14Z,2026-06-09T16:11:00Z,0,
2026-06-10T20:01:57.266232,14273,GOITO,PompeBianche,ND PETROLI DI DIBENNARDO NUNZIO & C. S.R.L.,VIA GOITO 85 - 97019 VITTORIA (RG),VITTORIA,RG,36.94579882784587,14.532961221838946,Gasolio,2,2.019,False,2026-06-09T16:12:14Z,2026-06-10T04:11:00Z,0,
2026-06-10T20:01:57.266232,14273,GOITO,PompeBianche,ND PETROLI DI DIBENNARDO NUNZIO & C. S.R.L.,VIA GOITO 85 - 97019 VITTORIA (RG),VITTORIA,RG,36.94579882784587,14.532961221838946,Gasolio,2,2.019,True,2026-06-09T16:12:14Z,2026-06-10T04:11:00Z,0,
2026-06-10T20:01:57.266232,54959,Lorefice Matteo,Esso,LOREFICE MATTEO,CAVALIERI VITTORIO VENETO 45/A - 97019 VITTORIA (RG),VITTORIA,RG,36.9550721,14.5459807,Benzina,1,2.149,False,2026-06-09T14:51:40Z,2026-06-09T14:51:00Z,6,"Bancomat, Food&Beverage, Sosta Camper/Tir, Wi-Fi, Servizi per disabili, Autolavaggio"
2026-06-10T20:01:57.266232,54959,Lorefice Matteo,Esso,LOREFICE MATTEO,CAVALIERI VITTORIO VENETO 45/A - 97019 VITTORIA (RG),VITTORIA,RG,36.9550721,14.5459807,Benzina,1,1.899,True,2026-06-09T14:51:40Z,2026-06-09T14:51:00Z,6,"Bancomat, Food&Beverage, Sosta Camper/Tir, Wi-Fi, Servizi per disabili, Autolavaggio"
2026-06-10T20:01:57.266232,54959,Lorefice Matteo,Esso,LOREFICE MATTEO,CAVALIERI VITTORIO VENETO 45/A - 97019 VITTORIA (RG),VITTORIA,RG,36.9550721,14.5459807,Gasolio,2,2.249,False,2026-06-09T14:51:40Z,2026-06-09T14:51:00Z,6,"Bancomat, Food&Beverage, Sosta Camper/Tir, Wi-Fi, Servizi per disabili, Autolavaggio"
2026-06-10T20:01:57.266232,54959,Lorefice Matteo,Esso,LOREFICE MATTEO,CAVALIERI VITTORIO VENETO 45/A - 97019 VITTORIA (RG),VITTORIA,RG,36.9550721,14.5459807,Gasolio,2,1.999,True,2026-06-09T14:51:40Z,2026-06-09T14:51:00Z,6,"Bancomat, Food&Beverage, Sosta Camper/Tir, Wi-Fi, Servizi per disabili, Autolavaggio"
2026-06-10T20:01:57.266232,54959,Lorefice Matteo,Esso,LOREFICE MATTEO,CAVALIERI VITTORIO VENETO 45/A - 97019 VITTORIA (RG),VITTORIA,RG,36.9550721,14.5459807,Supreme Diesel,327,2.449,False,2026-06-09T14:51:40Z,2026-06-09T14:51:00Z,6,"Bancomat, Food&Beverage, Sosta Camper/Tir, Wi-Fi, Servizi per disabili, Autolavaggio"
2026-06-10T20:01:57.266232,54959,Lorefice Matteo,Esso,LOREFICE MATTEO,CAVALIERI VITTORIO VENETO 45/A - 97019 VITTORIA (RG),VITTORIA,RG,36.9550721,14.5459807,Supreme Diesel,327,2.199,True,2026-06-09T14:51:40Z,2026-06-09T14:51:00Z,6,"Bancomat, Food&Beverage, Sosta Camper/Tir, Wi-Fi, Servizi per disabili, Autolavaggio"
2026-06-10T20:01:57.266232,57498,AREA DI SERVIZIO SEPA - ESSO COMISO,Esso,"SEBASTIANO PAPPALARDO S.R.L. OD IN FORMA ABBREVIATA ""SEPA S.R.L.""",STRADA PROVINCIALE 20 COMISO/SANTA CROCE CAMERINA KM 1+100 SNC - 97013 COMISO (RG),COMISO,RG,36.93619303713987,14.584188255091973,Benzina,1,1.899,True,2026-06-09T11:27:37Z,2026-06-09T11:27:00Z,2,"Bancomat, Food&Beverage"
2026-06-10T20:01:57.266232,57498,AREA DI SERVIZIO SEPA - ESSO COMISO,Esso,"SEBASTIANO PAPPALARDO S.R.L. OD IN FORMA ABBREVIATA ""SEPA S.R.L.""",STRADA PROVINCIALE 20 COMISO/SANTA CROCE CAMERINA KM 1+100 SNC - 97013 COMISO (RG),COMISO,RG,36.93619303713987,14.584188255091973,Gasolio,2,2.029,True,2026-06-09T11:27:37Z,2026-06-09T11:27:00Z,2,"Bancomat, Food&Beverage"
2026-06-10T20:01:57.266232,21139,Nannaro,AgipEni,NANNARO ORAZIO,"VIA S. BIAGIO, 97013 sn - 97013 COMISO (RG)",COMISO,RG,36.951762626665925,14.602214097976685,Benzina,1,2.129,False,2026-06-09T04:20:04Z,2026-06-09T04:20:04Z,2,"Food&Beverage, Bancomat"
2026-06-10T20:01:57.266232,21139,Nannaro,AgipEni,NANNARO ORAZIO,"VIA S. BIAGIO, 97013 sn - 97013 COMISO (RG)",COMISO,RG,36.951762626665925,14.602214097976685,Benzina,1,1.909,True,2026-06-09T04:16:11Z,2026-06-09T04:16:11Z,2,"Food&Beverage, Bancomat"
2026-06-10T20:01:57.266232,21139,Nannaro,AgipEni,NANNARO ORAZIO,"VIA S. BIAGIO, 97013 sn - 97013 COMISO (RG)",COMISO,RG,36.951762626665925,14.602214097976685,Gasolio,2,2.259,False,2026-06-09T04:20:04Z,2026-06-09T04:20:04Z,2,"Food&Beverage, Bancomat"
2026-06-10T20:01:57.266232,21139,Nannaro,AgipEni,NANNARO ORAZIO,"VIA S. BIAGIO, 97013 sn - 97013 COMISO (RG)",COMISO,RG,36.951762626665925,14.602214097976685,Gasolio,2,2.039,True,2026-06-09T04:16:11Z,2026-06-09T04:16:11Z,2,"Food&Beverage, Bancomat"
2026-06-10T20:01:57.266232,21139,Nannaro,AgipEni,NANNARO ORAZIO,"VIA S. BIAGIO, 97013 sn - 97013 COMISO (RG)",COMISO,RG,36.951762626665925,14.602214097976685,Blue Diesel,20,2.359,False,2026-06-09T04:20:04Z,2026-06-09T04:20:04Z,2,"Food&Beverage, Bancomat"
2026-06-10T20:01:57.266232,21139,Nannaro,AgipEni,NANNARO ORAZIO,"VIA S. BIAGIO, 97013 sn - 97013 COMISO (RG)",COMISO,RG,36.951762626665925,14.602214097976685,Blue Diesel,20,2.139,True,2026-06-09T04:16:11Z,2026-06-09T04:16:11Z,2,"Food&Beverage, Bancomat"
2026-06-10T20:01:57.266232,21139,Nannaro,AgipEni,NANNARO ORAZIO,"VIA S. BIAGIO, 97013 sn - 97013 COMISO (RG)",COMISO,RG,36.951762626665925,14.602214097976685,HVOlution,394,2.259,False,2026-06-09T04:20:04Z,2026-06-09T04:20:04Z,2,"Food&Beverage, Bancomat"
2026-06-10T20:01:57.266232,21139,Nannaro,AgipEni,NANNARO ORAZIO,"VIA S. BIAGIO, 97013 sn - 97013 COMISO (RG)",COMISO,RG,36.951762626665925,14.602214097976685,HVOlution,394,2.039,True,2026-06-09T04:16:11Z,2026-06-09T04:16:11Z,2,"Food&Beverage, Bancomat"
2026-06-10T20:01:57.266232,18886,Spina carburanti,PompeBianche,FRATELLI SPINA DI SPINA ALESSANDRO & C. S.A.S.,"Strada per santa croce camerino 107, 97019 107 - 97019 VITTORIA (RG)",VITTORIA,RG,36.93278116035046,14.519843459129333,Benzina,1,1.999,False,2026-06-08T17:23:53Z,2026-06-08T17:18:00Z,3,"Servizi per disabili, Food&Beverage, Bancomat"
2026-06-10T20:01:57.266232,18886,Spina carburanti,PompeBianche,FRATELLI SPINA DI SPINA ALESSANDRO & C. S.A.S.,"Strada per santa croce camerino 107, 97019 107 - 97019 VITTORIA (RG)",VITTORIA,RG,36.93278116035046,14.519843459129333,Benzina,1,1.868,True,2026-06-08T17:23:53Z,2026-06-08T17:18:00Z,3,"Servizi per disabili, Food&Beverage, Bancomat"
2026-06-10T20:01:57.266232,18886,Spina carburanti,PompeBianche,FRATELLI SPINA DI SPINA ALESSANDRO & C. S.A.S.,"Strada per santa croce camerino 107, 97019 107 - 97019 VITTORIA (RG)",VITTORIA,RG,36.93278116035046,14.519843459129333,Gasolio,2,2.099,False,2026-06-08T17:23:53Z,2026-06-08T17:18:00Z,3,"Servizi per disabili, Food&Beverage, Bancomat"
2026-06-10T20:01:57.266232,18886,Spina carburanti,PompeBianche,FRATELLI SPINA DI SPINA ALESSANDRO & C. S.A.S.,"Strada per santa croce camerino 107, 97019 107 - 97019 VITTORIA (RG)",VITTORIA,RG,36.93278116035046,14.519843459129333,Gasolio,2,1.979,True,2026-06-08T17:23:53Z,2026-06-08T17:18:00Z,3,"Servizi per disabili, Food&Beverage, Bancomat"
2026-06-10T20:01:57.266232,18536,Area Servizio Nobile di Sallemi Giancarlo,NobileOil,SALLEMI GIANCARLO,Via Garibaldi 397/b - 97019 VITTORIA (RG),VITTORIA,RG,36.944279377231915,14.531019789897872,Benzina,1,2.089,False,2026-06-08T15:09:03Z,2026-06-08T15:08:00Z,1,Bancomat
2026-06-10T20:01:57.266232,18536,Area Servizio Nobile di Sallemi Giancarlo,NobileOil,SALLEMI GIANCARLO,Via Garibaldi 397/b - 97019 VITTORIA (RG),VITTORIA,RG,36.944279377231915,14.531019789897872,Benzina,1,1.899,True,2026-06-08T15:09:03Z,2026-06-08T15:08:00Z,1,Bancomat
2026-06-10T20:01:57.266232,18536,Area Servizio Nobile di Sallemi Giancarlo,NobileOil,SALLEMI GIANCARLO,Via Garibaldi 397/b - 97019 VITTORIA (RG),VITTORIA,RG,36.944279377231915,14.531019789897872,Gasolio,2,2.219,False,2026-06-08T15:09:03Z,2026-06-08T15:08:00Z,1,Bancomat
2026-06-10T20:01:57.266232,18536,Area Servizio Nobile di Sallemi Giancarlo,NobileOil,SALLEMI GIANCARLO,Via Garibaldi 397/b - 97019 VITTORIA (RG),VITTORIA,RG,36.944279377231915,14.531019789897872,Gasolio,2,2.029,True,2026-06-08T15:09:03Z,2026-06-08T15:08:00Z,1,Bancomat
2026-06-10T20:01:57.266232,49783,Via Generale Amato ,SallemiCarburanti,SALLEMI CARBURANTI S.R.L.,Via Generale Amato s.n.c. - 97013 COMISO (RG),COMISO,RG,36.9491615646151,14.603264233135235,Benzina,1,1.939,False,2026-06-08T08:33:01Z,2026-06-08T08:32:00Z,1,Bancomat
2026-06-10T20:01:57.266232,49783,Via Generale Amato ,SallemiCarburanti,SALLEMI CARBURANTI S.R.L.,Via Generale Amato s.n.c. - 97013 COMISO (RG),COMISO,RG,36.9491615646151,14.603264233135235,Gasolio,2,2.069,False,2026-06-08T08:33:01Z,2026-06-08T08:32:00Z,1,Bancomat
2026-06-10T20:01:57.266232,60300,NOBILE ,NobileOil,DIGIACOMO BIAGIO & C. S.A.S.,VIA P. DI PIEMONTE SN - 97013 COMISO (RG),COMISO,RG,36.9490103,14.6122705,Benzina,1,1.898,False,2026-06-08T06:31:54Z,2026-06-08T06:31:00Z,1,Bancomat
2026-06-10T20:01:57.266232,60300,NOBILE ,NobileOil,DIGIACOMO BIAGIO & C. S.A.S.,VIA P. DI PIEMONTE SN - 97013 COMISO (RG),COMISO,RG,36.9490103,14.6122705,Gasolio,2,2.029,False,2026-06-08T06:31:54Z,2026-06-08T06:31:00Z,1,Bancomat
2026-06-10T20:01:57.266232,47510,Area Servizio Nobile di Galofaro Calogero,NobileOil,STAZIONE DI SERVIZIO DI GALOFARO CALOGERO,VIA NEGHELLI SNC - 97019 VITTORIA (RG),VITTORIA,RG,36.94914287958884,14.520786135353493,Benzina,1,2.189,False,2026-06-03T09:28:09Z,2026-06-03T09:28:00Z,1,Bancomat
2026-06-10T20:01:57.266232,47510,Area Servizio Nobile di Galofaro Calogero,NobileOil,STAZIONE DI SERVIZIO DI GALOFARO CALOGERO,VIA NEGHELLI SNC - 97019 VITTORIA (RG),VITTORIA,RG,36.94914287958884,14.520786135353493,Benzina,1,1.939,True,2026-06-03T09:28:09Z,2026-06-03T09:28:00Z,1,Bancomat
2026-06-10T20:01:57.266232,47510,Area Servizio Nobile di Galofaro Calogero,NobileOil,STAZIONE DI SERVIZIO DI GALOFARO CALOGERO,VIA NEGHELLI SNC - 97019 VITTORIA (RG),VITTORIA,RG,36.94914287958884,14.520786135353493,Gasolio,2,2.249,False,2026-06-03T09:28:09Z,2026-06-03T09:28:00Z,1,Bancomat
2026-06-10T20:01:57.266232,47510,Area Servizio Nobile di Galofaro Calogero,NobileOil,STAZIONE DI SERVIZIO DI GALOFARO CALOGERO,VIA NEGHELLI SNC - 97019 VITTORIA (RG),VITTORIA,RG,36.94914287958884,14.520786135353493,Gasolio,2,1.999,True,2026-06-03T09:28:09Z,2026-06-03T09:28:00Z,1,Bancomat
2026-06-10T20:01:57.266232,56724,ESSO CHIARAMONTE,Esso,"SEBASTIANO PAPPALARDO S.R.L. OD IN FORMA ABBREVIATA ""SEPA S.R.L.""",Strada Provinciale Comiso - Chiaramonte - C.DA COFFA SN - 95032 CHIARAMONTE GULFI (RG),COMISO,RG,37.02522040744815,14.655183565573441,Benzina,1,1.919,True,2026-06-09T13:52:57Z,2026-06-09T13:52:00Z,0,
2026-06-10T20:01:57.266232,56724,ESSO CHIARAMONTE,Esso,"SEBASTIANO PAPPALARDO S.R.L. OD IN FORMA ABBREVIATA ""SEPA S.R.L.""",Strada Provinciale Comiso - Chiaramonte - C.DA COFFA SN - 95032 CHIARAMONTE GULFI (RG),COMISO,RG,37.02522040744815,14.655183565573441,Gasolio,2,2.049,True,2026-06-09T13:52:57Z,2026-06-09T13:52:00Z,0,
2026-06-10T20:01:57.266232,20983,SP 39 X DONNALUCATA SCICLI,AgipEni,SERVIZI E GESTIONI ZENIT S.R.L. IN SIGLA - ZENIT S.R.L.,SP 39 X DONNALUCATA - 97018 SCICLI (RG),SCICLI,RG,36.76580749212958,14.66951567660999,Benzina,1,2.129,False,2026-06-10T05:58:24Z,2026-06-10T05:58:24Z,0,
2026-06-10T20:01:57.266232,20983,SP 39 X DONNALUCATA SCICLI,AgipEni,SERVIZI E GESTIONI ZENIT S.R.L. IN SIGLA - ZENIT S.R.L.,SP 39 X DONNALUCATA - 97018 SCICLI (RG),SCICLI,RG,36.76580749212958,14.66951567660999,Benzina,1,1.919,True,2026-06-10T05:58:24Z,2026-06-10T05:58:24Z,0,
2026-06-10T20:01:57.266232,20983,SP 39 X DONNALUCATA SCICLI,AgipEni,SERVIZI E GESTIONI ZENIT S.R.L. IN SIGLA - ZENIT S.R.L.,SP 39 X DONNALUCATA - 97018 SCICLI (RG),SCICLI,RG,36.76580749212958,14.66951567660999,Gasolio,2,2.239,False,2026-06-10T05:58:24Z,2026-06-10T05:58:24Z,0,
2026-06-10T20:01:57.266232,20983,SP 39 X DONNALUCATA SCICLI,AgipEni,SERVIZI E GESTIONI ZENIT S.R.L. IN SIGLA - ZENIT S.R.L.,SP 39 X DONNALUCATA - 97018 SCICLI (RG),SCICLI,RG,36.76580749212958,14.66951567660999,Gasolio,2,2.029,True,2026-06-10T05:58:24Z,2026-06-10T05:58:24Z,0,
2026-06-10T20:01:57.266232,12332,VIALE I MAGGIO,Q8,SERVIZI E GESTIONI ZENIT S.R.L. IN SIGLA - ZENIT S.R.L.,VIALE I MAGGIO 232 - 97018 SCICLI (RG),SCICLI,RG,36.78031992407679,14.686939796295178,Benzina,1,2.109,False,2026-06-10T03:58:47Z,2026-06-10T03:58:47Z,0,
2026-06-10T20:01:57.266232,12332,VIALE I MAGGIO,Q8,SERVIZI E GESTIONI ZENIT S.R.L. IN SIGLA - ZENIT S.R.L.,VIALE I MAGGIO 232 - 97018 SCICLI (RG),SCICLI,RG,36.78031992407679,14.686939796295178,Benzina,1,1.899,True,2026-06-10T03:58:47Z,2026-06-10T03:58:47Z,0,
2026-06-10T20:01:57.266232,12332,VIALE I MAGGIO,Q8,SERVIZI E GESTIONI ZENIT S.R.L. IN SIGLA - ZENIT S.R.L.,VIALE I MAGGIO 232 - 97018 SCICLI (RG),SCICLI,RG,36.78031992407679,14.686939796295178,Gasolio,2,2.239,False,2026-06-10T03:58:47Z,2026-06-10T03:58:47Z,0,
2026-06-10T20:01:57.266232,12332,VIALE I MAGGIO,Q8,SERVIZI E GESTIONI ZENIT S.R.L. IN SIGLA - ZENIT S.R.L.,VIALE I MAGGIO 232 - 97018 SCICLI (RG),SCICLI,RG,36.78031992407679,14.686939796295178,Gasolio,2,2.029,True,2026-06-10T03:58:47Z,2026-06-10T03:58:47Z,0,
2026-06-10T20:01:57.266232,34128,S.P. 65 SAMPIERI-CAVA D'ALIGA,Giap,SERVIZI E GESTIONI ZENIT S.R.L. IN SIGLA - ZENIT S.R.L.,S.P. 65 SAMPIERI-CAVA D'ALIGA 0+400 - 97018 SCICLI (RG),SCICLI,RG,36.72202389658985,14.733010132016034,Benzina,1,1.939,False,2026-06-10T03:58:47Z,2026-06-10T03:58:47Z,0,
2026-06-10T20:01:57.266232,34128,S.P. 65 SAMPIERI-CAVA D'ALIGA,Giap,SERVIZI E GESTIONI ZENIT S.R.L. IN SIGLA - ZENIT S.R.L.,S.P. 65 SAMPIERI-CAVA D'ALIGA 0+400 - 97018 SCICLI (RG),SCICLI,RG,36.72202389658985,14.733010132016034,Benzina,1,1.939,True,2026-06-10T03:58:47Z,2026-06-10T03:58:47Z,0,
2026-06-10T20:01:57.266232,34128,S.P. 65 SAMPIERI-CAVA D'ALIGA,Giap,SERVIZI E GESTIONI ZENIT S.R.L. IN SIGLA - ZENIT S.R.L.,S.P. 65 SAMPIERI-CAVA D'ALIGA 0+400 - 97018 SCICLI (RG),SCICLI,RG,36.72202389658985,14.733010132016034,Gasolio,2,2.059,False,2026-06-10T03:58:47Z,2026-06-10T03:58:47Z,0,
2026-06-10T20:01:57.266232,34128,S.P. 65 SAMPIERI-CAVA D'ALIGA,Giap,SERVIZI E GESTIONI ZENIT S.R.L. IN SIGLA - ZENIT S.R.L.,S.P. 65 SAMPIERI-CAVA D'ALIGA 0+400 - 97018 SCICLI (RG),SCICLI,RG,36.72202389658985,14.733010132016034,Gasolio,2,2.059,True,2026-06-10T03:58:47Z,2026-06-10T03:58:47Z,0,
2026-06-10T20:01:57.266232,31355,VIA PROVINCIALE CAVA D'ALIGA,Giap,SERVIZI E GESTIONI ZENIT S.R.L. IN SIGLA - ZENIT S.R.L.,VIA PROVINCIALE - 97018 SCICLI (RG),SCICLI,RG,36.72915083623159,14.686687588691711,Benzina,1,1.939,False,2026-06-10T03:58:46Z,2026-06-10T03:58:46Z,0,
2026-06-10T20:01:57.266232,31355,VIA PROVINCIALE CAVA D'ALIGA,Giap,SERVIZI E GESTIONI ZENIT S.R.L. IN SIGLA - ZENIT S.R.L.,VIA PROVINCIALE - 97018 SCICLI (RG),SCICLI,RG,36.72915083623159,14.686687588691711,Benzina,1,1.939,True,2026-06-10T03:58:46Z,2026-06-10T03:58:46Z,0,
2026-06-10T20:01:57.266232,31355,VIA PROVINCIALE CAVA D'ALIGA,Giap,SERVIZI E GESTIONI ZENIT S.R.L. IN SIGLA - ZENIT S.R.L.,VIA PROVINCIALE - 97018 SCICLI (RG),SCICLI,RG,36.72915083623159,14.686687588691711,Gasolio,2,2.059,False,2026-06-10T03:58:46Z,2026-06-10T03:58:46Z,0,
2026-06-10T20:01:57.266232,31355,VIA PROVINCIALE CAVA D'ALIGA,Giap,SERVIZI E GESTIONI ZENIT S.R.L. IN SIGLA - ZENIT S.R.L.,VIA PROVINCIALE - 97018 SCICLI (RG),SCICLI,RG,36.72915083623159,14.686687588691711,Gasolio,2,2.059,True,2026-06-10T03:58:46Z,2026-06-10T03:58:46Z,0,
2026-06-10T20:01:57.266232,12323,VIA DELLA PACE,Giap,SERVIZI E GESTIONI ZENIT S.R.L. IN SIGLA - ZENIT S.R.L.,VIA DELLA PACE - 97018 SCICLI (RG),SCICLI,RG,36.731625093441636,14.686732490737882,Benzina,1,1.939,False,2026-06-10T03:58:44Z,2026-06-10T03:58:44Z,0,
2026-06-10T20:01:57.266232,12323,VIA DELLA PACE,Giap,SERVIZI E GESTIONI ZENIT S.R.L. IN SIGLA - ZENIT S.R.L.,VIA DELLA PACE - 97018 SCICLI (RG),SCICLI,RG,36.731625093441636,14.686732490737882,Benzina,1,1.939,True,2026-06-10T03:58:44Z,2026-06-10T03:58:44Z,0,
2026-06-10T20:01:57.266232,12323,VIA DELLA PACE,Giap,SERVIZI E GESTIONI ZENIT S.R.L. IN SIGLA - ZENIT S.R.L.,VIA DELLA PACE - 97018 SCICLI (RG),SCICLI,RG,36.731625093441636,14.686732490737882,Gasolio,2,2.059,False,2026-06-10T03:58:44Z,2026-06-10T03:58:44Z,0,
2026-06-10T20:01:57.266232,12323,VIA DELLA PACE,Giap,SERVIZI E GESTIONI ZENIT S.R.L. IN SIGLA - ZENIT S.R.L.,VIA DELLA PACE - 97018 SCICLI (RG),SCICLI,RG,36.731625093441636,14.686732490737882,Gasolio,2,2.059,True,2026-06-10T03:58:44Z,2026-06-10T03:58:44Z,0,
2026-06-10T20:01:57.266232,60410,NOBILE OIL (SCICLI),NobileOil,NOBILE ENERGY S.R.L.,Viale I Maggio - 00046 SCICLI (RG),SCICLI,RG,36.776847964023204,14.685108958062733,Benzina,1,1.899,True,2026-06-09T11:01:05Z,2026-06-09T11:00:00Z,1,Bancomat
2026-06-10T20:01:57.266232,60410,NOBILE OIL (SCICLI),NobileOil,NOBILE ENERGY S.R.L.,Viale I Maggio - 00046 SCICLI (RG),SCICLI,RG,36.776847964023204,14.685108958062733,Gasolio,2,2.039,True,2026-06-09T11:01:05Z,2026-06-09T11:00:00Z,1,Bancomat
2026-06-10T20:01:57.266232,60411,NOBILE OIL (DONNALUCATA),NobileOil,NOBILE ENERGY S.R.L.,Via Sanremo - 97018 SCICLI (RG),SCICLI,RG,36.7624863,14.6407671,Benzina,1,2.119,False,2026-06-08T07:27:13Z,2026-06-08T07:26:00Z,1,Bancomat
2026-06-10T20:01:57.266232,60411,NOBILE OIL (DONNALUCATA),NobileOil,NOBILE ENERGY S.R.L.,Via Sanremo - 97018 SCICLI (RG),SCICLI,RG,36.7624863,14.6407671,Benzina,1,1.939,True,2026-06-08T07:27:13Z,2026-06-08T07:26:00Z,1,Bancomat
2026-06-10T20:01:57.266232,60411,NOBILE OIL (DONNALUCATA),NobileOil,NOBILE ENERGY S.R.L.,Via Sanremo - 97018 SCICLI (RG),SCICLI,RG,36.7624863,14.6407671,Gasolio,2,2.239,False,2026-06-08T07:27:13Z,2026-06-08T07:26:00Z,1,Bancomat
2026-06-10T20:01:57.266232,60411,NOBILE OIL (DONNALUCATA),NobileOil,NOBILE ENERGY S.R.L.,Via Sanremo - 97018 SCICLI (RG),SCICLI,RG,36.7624863,14.6407671,Gasolio,2,2.059,True,2026-06-08T07:27:13Z,2026-06-08T07:26:00Z,1,Bancomat
2026-06-10T20:01:57.266232,14194,PETROL TRINACRIA,PompeBianche,M.G. S.R.L.,"CONTRADA ARIZZA S.P. 64 KM 4 /180 S.N.C.,  97018 - - - SCICLI (RG)",SCICLI,RG,36.747487856508634,14.682197570800781,Benzina,1,2.019,False,2026-06-08T06:44:40Z,2026-06-08T06:44:00Z,1,Bancomat
2026-06-10T20:01:57.266232,14194,PETROL TRINACRIA,PompeBianche,M.G. S.R.L.,"CONTRADA ARIZZA S.P. 64 KM 4 /180 S.N.C.,  97018 - - - SCICLI (RG)",SCICLI,RG,36.747487856508634,14.682197570800781,Benzina,1,1.939,True,2026-06-08T06:44:40Z,2026-06-08T06:44:00Z,1,Bancomat
2026-06-10T20:01:57.266232,14194,PETROL TRINACRIA,PompeBianche,M.G. S.R.L.,"CONTRADA ARIZZA S.P. 64 KM 4 /180 S.N.C.,  97018 - - - SCICLI (RG)",SCICLI,RG,36.747487856508634,14.682197570800781,Gasolio,2,2.139,False,2026-06-08T06:44:40Z,2026-06-08T06:44:00Z,1,Bancomat
2026-06-10T20:01:57.266232,14194,PETROL TRINACRIA,PompeBianche,M.G. S.R.L.,"CONTRADA ARIZZA S.P. 64 KM 4 /180 S.N.C.,  97018 - - - SCICLI (RG)",SCICLI,RG,36.747487856508634,14.682197570800781,Gasolio,2,2.059,True,2026-06-08T06:44:40Z,2026-06-08T06:44:00Z,1,Bancomat
2026-06-10T20:01:57.266232,41723, DIQUATTRO MICHELE,PompeBianche,DIQUATTRO MICHELE,sp 43 modica mare km 10 sn - 97015 MODICA (RG),MODICA,RG,36.754607612766094,14.786784276366234,Benzina,1,1.959,False,2026-06-08T05:03:06Z,2026-06-08T05:02:00Z,2,"Food&Beverage, Bancomat"
2026-06-10T20:01:57.266232,41723, DIQUATTRO MICHELE,PompeBianche,DIQUATTRO MICHELE,sp 43 modica mare km 10 sn - 97015 MODICA (RG),MODICA,RG,36.754607612766094,14.786784276366234,Benzina,1,1.939,True,2026-06-08T05:03:06Z,2026-06-08T05:02:00Z,2,"Food&Beverage, Bancomat"
2026-06-10T20:01:57.266232,41723, DIQUATTRO MICHELE,PompeBianche,DIQUATTRO MICHELE,sp 43 modica mare km 10 sn - 97015 MODICA (RG),MODICA,RG,36.754607612766094,14.786784276366234,Gasolio,2,2.058,False,2026-06-08T05:03:06Z,2026-06-08T05:02:00Z,2,"Food&Beverage, Bancomat"
2026-06-10T20:01:57.266232,41723, DIQUATTRO MICHELE,PompeBianche,DIQUATTRO MICHELE,sp 43 modica mare km 10 sn - 97015 MODICA (RG),MODICA,RG,36.754607612766094,14.786784276366234,Gasolio,2,2.038,True,2026-06-08T05:03:06Z,2026-06-08T05:02:00Z,2,"Food&Beverage, Bancomat"
2026-06-10T20:01:57.266232,42012,Pompa Bianca,PompeBianche,AGOSTA BARTOLOMEO,Strada Provinciale Donnalucata - Marina di Ragusa snc - 97018 SCICLI (RG),RAGUSA,RG,36.772345327569056,14.609495176651762,Benzina,1,1.979,False,2026-06-06T09:28:36Z,2026-06-06T09:28:00Z,0,
2026-06-10T20:01:57.266232,42012,Pompa Bianca,PompeBianche,AGOSTA BARTOLOMEO,Strada Provinciale Donnalucata - Marina di Ragusa snc - 97018 SCICLI (RG),RAGUSA,RG,36.772345327569056,14.609495176651762,Benzina,1,1.979,True,2026-06-06T09:28:36Z,2026-06-06T09:28:00Z,0,
2026-06-10T20:01:57.266232,42012,Pompa Bianca,PompeBianche,AGOSTA BARTOLOMEO,Strada Provinciale Donnalucata - Marina di Ragusa snc - 97018 SCICLI (RG),RAGUSA,RG,36.772345327569056,14.609495176651762,Gasolio,2,1.999,False,2026-06-06T09:28:36Z,2026-06-06T09:28:00Z,0,
2026-06-10T20:01:57.266232,42012,Pompa Bianca,PompeBianche,AGOSTA BARTOLOMEO,Strada Provinciale Donnalucata - Marina di Ragusa snc - 97018 SCICLI (RG),RAGUSA,RG,36.772345327569056,14.609495176651762,Gasolio,2,1.999,True,2026-06-06T09:28:36Z,2026-06-06T09:28:00Z,0,
2026-06-10T20:01:57.266232,25210,"BLANCO PETROLI - ISPICA S.C. ISPICA POZZALLO KM 1,620 LATO SX",Blancopetroli,BLANCO PETROLI S.R.L.,"VIA STRADA COMUNALE ISPICA - POZZALLO S.N. 97014, ISPICA (RG) - 97014 ISPICA (RG)",POZZALLO,RG,36.770197779166836,14.905235313690127,Benzina,1,1.899,True,2026-06-10T07:34:11Z,2026-06-10T07:34:11Z,3,"Servizi per disabili, Bancomat, Autolavaggio"
2026-06-10T20:01:57.266232,25210,"BLANCO PETROLI - ISPICA S.C. ISPICA POZZALLO KM 1,620 LATO SX",Blancopetroli,BLANCO PETROLI S.R.L.,"VIA STRADA COMUNALE ISPICA - POZZALLO S.N. 97014, ISPICA (RG) - 97014 ISPICA (RG)",POZZALLO,RG,36.770197779166836,14.905235313690127,Gasolio,2,1.999,True,2026-06-10T07:34:11Z,2026-06-10T07:34:11Z,3,"Servizi per disabili, Bancomat, Autolavaggio"
2026-06-10T20:01:57.266232,49840,BLUOIL,BluOil,BLUOIL SRL,"115 Sud Occidentale Sicula, Km. 357,2, Ispica-Rosolini - - 97014 ISPICA (RG)",ISPICA,RG,36.7890899482802,14.926955054049944,Benzina,1,1.905,True,2026-06-10T06:20:28Z,2026-06-10T06:20:28Z,3,"Servizi per disabili, Food&Beverage, Bancomat"
2026-06-10T20:01:57.266232,49840,BLUOIL,BluOil,BLUOIL SRL,"115 Sud Occidentale Sicula, Km. 357,2, Ispica-Rosolini - - 97014 ISPICA (RG)",ISPICA,RG,36.7890899482802,14.926955054049944,Gasolio,2,2.01,True,2026-06-10T06:20:28Z,2026-06-10T06:20:28Z,3,"Servizi per disabili, Food&Beverage, Bancomat"
2026-06-10T20:01:57.266232,49840,BLUOIL,BluOil,BLUOIL SRL,"115 Sud Occidentale Sicula, Km. 357,2, Ispica-Rosolini - - 97014 ISPICA (RG)",ISPICA,RG,36.7890899482802,14.926955054049944,GPL,4,0.735,True,2026-06-09T21:25:08Z,2026-06-09T21:25:08Z,3,"Servizi per disabili, Food&Beverage, Bancomat"
2026-06-10T20:01:57.266232,25244,VIALE EUROPA POZZALLO,AgipEni,SERVIZI E GESTIONI ZENIT S.R.L. IN SIGLA - ZENIT S.R.L.,VIALE EUROPA - 97016 POZZALLO (RG),POZZALLO,RG,36.733797087551615,14.851680994033813,Benzina,1,2.109,False,2026-06-10T05:58:24Z,2026-06-10T05:58:24Z,0,
2026-06-10T20:01:57.266232,25244,VIALE EUROPA POZZALLO,AgipEni,SERVIZI E GESTIONI ZENIT S.R.L. IN SIGLA - ZENIT S.R.L.,VIALE EUROPA - 97016 POZZALLO (RG),POZZALLO,RG,36.733797087551615,14.851680994033813,Benzina,1,1.899,True,2026-06-10T05:58:24Z,2026-06-10T05:58:24Z,0,
2026-06-10T20:01:57.266232,25244,VIALE EUROPA POZZALLO,AgipEni,SERVIZI E GESTIONI ZENIT S.R.L. IN SIGLA - ZENIT S.R.L.,VIALE EUROPA - 97016 POZZALLO (RG),POZZALLO,RG,36.733797087551615,14.851680994033813,Gasolio,2,2.239,False,2026-06-10T05:58:24Z,2026-06-10T05:58:24Z,0,
2026-06-10T20:01:57.266232,25244,VIALE EUROPA POZZALLO,AgipEni,SERVIZI E GESTIONI ZENIT S.R.L. IN SIGLA - ZENIT S.R.L.,VIALE EUROPA - 97016 POZZALLO (RG),POZZALLO,RG,36.733797087551615,14.851680994033813,Gasolio,2,2.029,True,2026-06-10T05:58:24Z,2026-06-10T05:58:24Z,0,
2026-06-10T20:01:57.266232,11391,FIMAR,PompeBianche,FIMAR S.R.L.,Viale Australia 58 - 97016 POZZALLO (RG),POZZALLO,RG,36.72475384369368,14.833239580356576,Benzina,1,2.149,False,2026-06-10T04:54:52Z,2026-06-10T05:01:00Z,3,"Sosta Camper/Tir, Servizi per disabili, Food&Beverage"
2026-06-10T20:01:57.266232,11391,FIMAR,PompeBianche,FIMAR S.R.L.,Viale Australia 58 - 97016 POZZALLO (RG),POZZALLO,RG,36.72475384369368,14.833239580356576,Benzina,1,1.899,True,2026-06-10T04:54:52Z,2026-06-10T04:54:52Z,3,"Sosta Camper/Tir, Servizi per disabili, Food&Beverage"
2026-06-10T20:01:57.266232,11391,FIMAR,PompeBianche,FIMAR S.R.L.,Viale Australia 58 - 97016 POZZALLO (RG),POZZALLO,RG,36.72475384369368,14.833239580356576,Gasolio,2,2.289,False,2026-06-10T04:54:52Z,2026-06-10T05:01:00Z,3,"Sosta Camper/Tir, Servizi per disabili, Food&Beverage"
2026-06-10T20:01:57.266232,11391,FIMAR,PompeBianche,FIMAR S.R.L.,Viale Australia 58 - 97016 POZZALLO (RG),POZZALLO,RG,36.72475384369368,14.833239580356576,Gasolio,2,2.039,True,2026-06-10T04:54:52Z,2026-06-10T04:54:52Z,3,"Sosta Camper/Tir, Servizi per disabili, Food&Beverage"
2026-06-10T20:01:57.266232,37268,C.DA MARINA DELLA MARZA - ISPICA,AgipEni,SERVIZI E GESTIONI ZENIT S.R.L. IN SIGLA - ZENIT S.R.L.,C.DA MARINA DELLA MARZA - 97014 ISPICA (RG),ISPICA,RG,36.7103287510913,14.935088641941547,Benzina,1,1.909,False,2026-06-10T03:58:47Z,2026-06-10T03:58:47Z,0,
2026-06-10T20:01:57.266232,37268,C.DA MARINA DELLA MARZA - ISPICA,AgipEni,SERVIZI E GESTIONI ZENIT S.R.L. IN SIGLA - ZENIT S.R.L.,C.DA MARINA DELLA MARZA - 97014 ISPICA (RG),ISPICA,RG,36.7103287510913,14.935088641941547,Benzina,1,1.909,True,2026-06-10T03:58:47Z,2026-06-10T03:58:47Z,0,
2026-06-10T20:01:57.266232,37268,C.DA MARINA DELLA MARZA - ISPICA,AgipEni,SERVIZI E GESTIONI ZENIT S.R.L. IN SIGLA - ZENIT S.R.L.,C.DA MARINA DELLA MARZA - 97014 ISPICA (RG),ISPICA,RG,36.7103287510913,14.935088641941547,Gasolio,2,2.029,False,2026-06-10T03:58:47Z,2026-06-10T03:58:47Z,0,
2026-06-10T20:01:57.266232,37268,C.DA MARINA DELLA MARZA - ISPICA,AgipEni,SERVIZI E GESTIONI ZENIT S.R.L. IN SIGLA - ZENIT S.R.L.,C.DA MARINA DELLA MARZA - 97014 ISPICA (RG),ISPICA,RG,36.7103287510913,14.935088641941547,Gasolio,2,2.029,True,2026-06-10T03:58:47Z,2026-06-10T03:58:47Z,0,
2026-06-10T20:01:57.266232,32731,P.ZZA MADONNA DELLE LACRIME - POZZALLO,Giap,SERVIZI E GESTIONI ZENIT S.R.L. IN SIGLA - ZENIT S.R.L.,P.ZZA MADONNA DELLE LACRIME - 97016 POZZALLO (RG),POZZALLO,RG,36.72796082154908,14.848490823661905,Benzina,1,1.899,False,2026-06-10T03:58:46Z,2026-06-10T03:58:46Z,0,
2026-06-10T20:01:57.266232,32731,P.ZZA MADONNA DELLE LACRIME - POZZALLO,Giap,SERVIZI E GESTIONI ZENIT S.R.L. IN SIGLA - ZENIT S.R.L.,P.ZZA MADONNA DELLE LACRIME - 97016 POZZALLO (RG),POZZALLO,RG,36.72796082154908,14.848490823661905,Benzina,1,1.899,True,2026-06-10T03:58:46Z,2026-06-10T03:58:46Z,0,
2026-06-10T20:01:57.266232,32731,P.ZZA MADONNA DELLE LACRIME - POZZALLO,Giap,SERVIZI E GESTIONI ZENIT S.R.L. IN SIGLA - ZENIT S.R.L.,P.ZZA MADONNA DELLE LACRIME - 97016 POZZALLO (RG),POZZALLO,RG,36.72796082154908,14.848490823661905,Gasolio,2,2.029,False,2026-06-10T03:58:46Z,2026-06-10T03:58:46Z,0,
2026-06-10T20:01:57.266232,32731,P.ZZA MADONNA DELLE LACRIME - POZZALLO,Giap,SERVIZI E GESTIONI ZENIT S.R.L. IN SIGLA - ZENIT S.R.L.,P.ZZA MADONNA DELLE LACRIME - 97016 POZZALLO (RG),POZZALLO,RG,36.72796082154908,14.848490823661905,Gasolio,2,2.029,True,2026-06-10T03:58:46Z,2026-06-10T03:58:46Z,0,
2026-06-10T20:01:57.266232,23877,ISPICA SS.115,Q8,SERVIZI & GESTIONI ITALIA S.R.L.,SS.115 - 97014 ISPICA (RG),ISPICA,RG,36.790014543364265,14.898101197553274,Benzina,1,1.899,True,2026-06-09T23:40:11Z,2026-06-09T23:40:11Z,0,
2026-06-10T20:01:57.266232,23877,ISPICA SS.115,Q8,SERVIZI & GESTIONI ITALIA S.R.L.,SS.115 - 97014 ISPICA (RG),ISPICA,RG,36.790014543364265,14.898101197553274,Gasolio,2,1.999,True,2026-06-09T23:40:11Z,2026-06-09T23:40:11Z,0,
2026-06-10T20:01:57.266232,47083,Boncoraglio,AgipEni,BONCORAGLIO ALBERTO,VIA MARIO RAPISARDI SNC - 97016 POZZALLO (RG),POZZALLO,RG,36.732138673296234,14.853090687737861,Benzina,1,2.129,False,2026-06-09T21:47:02Z,2026-06-09T21:47:02Z,1,Bancomat
2026-06-10T20:01:57.266232,47083,Boncoraglio,AgipEni,BONCORAGLIO ALBERTO,VIA MARIO RAPISARDI SNC - 97016 POZZALLO (RG),POZZALLO,RG,36.732138673296234,14.853090687737861,Benzina,1,1.909,True,2026-06-09T21:47:02Z,2026-06-09T21:47:02Z,1,Bancomat
2026-06-10T20:01:57.266232,47083,Boncoraglio,AgipEni,BONCORAGLIO ALBERTO,VIA MARIO RAPISARDI SNC - 97016 POZZALLO (RG),POZZALLO,RG,36.732138673296234,14.853090687737861,Gasolio,2,2.259,False,2026-06-09T21:47:02Z,2026-06-09T21:47:02Z,1,Bancomat
2026-06-10T20:01:57.266232,47083,Boncoraglio,AgipEni,BONCORAGLIO ALBERTO,VIA MARIO RAPISARDI SNC - 97016 POZZALLO (RG),POZZALLO,RG,36.732138673296234,14.853090687737861,Gasolio,2,2.039,True,2026-06-09T21:47:02Z,2026-06-09T21:47:02Z,1,Bancomat
2026-06-10T20:01:57.266232,47083,Boncoraglio,AgipEni,BONCORAGLIO ALBERTO,VIA MARIO RAPISARDI SNC - 97016 POZZALLO (RG),POZZALLO,RG,36.732138673296234,14.853090687737861,Blue Diesel,20,2.359,False,2026-06-09T21:47:02Z,2026-06-09T21:47:02Z,1,Bancomat
2026-06-10T20:01:57.266232,47083,Boncoraglio,AgipEni,BONCORAGLIO ALBERTO,VIA MARIO RAPISARDI SNC - 97016 POZZALLO (RG),POZZALLO,RG,36.732138673296234,14.853090687737861,Blue Diesel,20,2.139,True,2026-06-09T21:47:02Z,2026-06-09T21:47:02Z,1,Bancomat
2026-06-10T20:01:57.266232,40240,GG-ENERGY,GGenergy,GALI GROUP TRASPORTI & LOGISTICA S.R.L.,"VIA CONTRADA CHIUSI SN 97014, ISPICA (RG) S.N. - 97014 ISPICA (RG)",ISPICA,RG,36.760933366539156,14.895529747009277,Benzina,1,1.949,False,2026-06-09T12:01:01Z,2026-06-09T12:05:31Z,5,"Area bambini, Sosta Camper/Tir, Servizi per disabili, Bancomat, Autolavaggio"
2026-06-10T20:01:57.266232,40240,GG-ENERGY,GGenergy,GALI GROUP TRASPORTI & LOGISTICA S.R.L.,"VIA CONTRADA CHIUSI SN 97014, ISPICA (RG) S.N. - 97014 ISPICA (RG)",ISPICA,RG,36.760933366539156,14.895529747009277,Benzina,1,1.899,True,2026-06-09T12:01:03Z,2026-06-09T12:05:31Z,5,"Area bambini, Sosta Camper/Tir, Servizi per disabili, Bancomat, Autolavaggio"
2026-06-10T20:01:57.266232,40240,GG-ENERGY,GGenergy,GALI GROUP TRASPORTI & LOGISTICA S.R.L.,"VIA CONTRADA CHIUSI SN 97014, ISPICA (RG) S.N. - 97014 ISPICA (RG)",ISPICA,RG,36.760933366539156,14.895529747009277,Gasolio,2,2.049,False,2026-06-09T12:01:01Z,2026-06-09T12:05:31Z,5,"Area bambini, Sosta Camper/Tir, Servizi per disabili, Bancomat, Autolavaggio"
2026-06-10T20:01:57.266232,40240,GG-ENERGY,GGenergy,GALI GROUP TRASPORTI & LOGISTICA S.R.L.,"VIA CONTRADA CHIUSI SN 97014, ISPICA (RG) S.N. - 97014 ISPICA (RG)",ISPICA,RG,36.760933366539156,14.895529747009277,Gasolio,2,1.999,True,2026-06-09T12:01:01Z,2026-06-09T12:05:31Z,5,"Area bambini, Sosta Camper/Tir, Servizi per disabili, Bancomat, Autolavaggio"
2026-06-10T20:01:57.266232,40240,GG-ENERGY,GGenergy,GALI GROUP TRASPORTI & LOGISTICA S.R.L.,"VIA CONTRADA CHIUSI SN 97014, ISPICA (RG) S.N. - 97014 ISPICA (RG)",ISPICA,RG,36.760933366539156,14.895529747009277,GPL,4,0.759,False,2026-06-09T20:01:31Z,2026-06-09T20:03:19Z,5,"Area bambini, Sosta Camper/Tir, Servizi per disabili, Bancomat, Autolavaggio"
2026-06-10T20:01:57.266232,33045,Milana Carburanti,Esso,MILANA CARBURANTI S.R.L.,GARZALLA S.N. - 97014 ISPICA (RG),ISPICA,RG,36.780274531917534,14.914322067459125,Benzina,1,1.949,False,2026-06-09T06:34:36Z,2026-06-09T06:34:00Z,3,"Sosta Camper/Tir, Food&Beverage, Bancomat"
2026-06-10T20:01:57.266232,33045,Milana Carburanti,Esso,MILANA CARBURANTI S.R.L.,GARZALLA S.N. - 97014 ISPICA (RG),ISPICA,RG,36.780274531917534,14.914322067459125,Benzina,1,1.899,True,2026-06-09T06:34:36Z,2026-06-09T06:34:00Z,3,"Sosta Camper/Tir, Food&Beverage, Bancomat"
2026-06-10T20:01:57.266232,33045,Milana Carburanti,Esso,MILANA CARBURANTI S.R.L.,GARZALLA S.N. - 97014 ISPICA (RG),ISPICA,RG,36.780274531917534,14.914322067459125,Gasolio,2,2.049,False,2026-06-09T06:34:36Z,2026-06-09T08:34:00Z,3,"Sosta Camper/Tir, Food&Beverage, Bancomat"
2026-06-10T20:01:57.266232,33045,Milana Carburanti,Esso,MILANA CARBURANTI S.R.L.,GARZALLA S.N. - 97014 ISPICA (RG),ISPICA,RG,36.780274531917534,14.914322067459125,Gasolio,2,1.999,True,2026-06-09T06:34:36Z,2026-06-09T08:34:00Z,3,"Sosta Camper/Tir, Food&Beverage, Bancomat"
2026-06-10T20:01:57.266232,33045,Milana Carburanti,Esso,MILANA CARBURANTI S.R.L.,GARZALLA S.N. - 97014 ISPICA (RG),ISPICA,RG,36.780274531917534,14.914322067459125,GPL,4,0.74,False,2026-06-09T06:34:36Z,2026-06-09T06:34:00Z,3,"Sosta Camper/Tir, Food&Beverage, Bancomat"
2026-06-10T20:01:57.266232,57041,IDC Pozzallo - P.zza Senia ,Esso,RAGUSANA GAS S.R.L.,Piazza Senia 41 - 97016 POZZALLO (RG),POZZALLO,RG,36.729912802460376,14.847917527301039,Benzina,1,1.929,False,2026-06-08T08:36:57Z,2026-06-08T08:36:00Z,0,
2026-06-10T20:01:57.266232,57041,IDC Pozzallo - P.zza Senia ,Esso,RAGUSANA GAS S.R.L.,Piazza Senia 41 - 97016 POZZALLO (RG),POZZALLO,RG,36.729912802460376,14.847917527301039,Gasolio,2,2.079,False,2026-06-08T08:36:57Z,2026-06-08T08:36:00Z,0,
2026-06-10T20:01:57.266232,10317,SOCIETA' RIZZO DI RIZZO ANGELO & C. SAS,AgipEni,SOCIETA' RIZZO DI RIZZO ANGELO & C. S.A.S.,VIALE STEFANO CANDURA 61 - 93100 CALTANISSETTA (CL),CALTANISSETTA,CL,37.47472074692059,14.046713715222154,Benzina,1,2.109,False,2026-06-10T04:26:08Z,2026-06-10T04:26:08Z,2,"Bancomat, Autolavaggio"
2026-06-10T20:01:57.266232,10317,SOCIETA' RIZZO DI RIZZO ANGELO & C. SAS,AgipEni,SOCIETA' RIZZO DI RIZZO ANGELO & C. S.A.S.,VIALE STEFANO CANDURA 61 - 93100 CALTANISSETTA (CL),CALTANISSETTA,CL,37.47472074692059,14.046713715222154,Benzina,1,1.889,True,2026-06-10T17:50:10Z,2026-06-10T17:50:10Z,2,"Bancomat, Autolavaggio"
2026-06-10T20:01:57.266232,10317,SOCIETA' RIZZO DI RIZZO ANGELO & C. SAS,AgipEni,SOCIETA' RIZZO DI RIZZO ANGELO & C. S.A.S.,VIALE STEFANO CANDURA 61 - 93100 CALTANISSETTA (CL),CALTANISSETTA,CL,37.47472074692059,14.046713715222154,Gasolio,2,2.239,False,2026-06-10T04:26:08Z,2026-06-10T04:26:08Z,2,"Bancomat, Autolavaggio"
2026-06-10T20:01:57.266232,10317,SOCIETA' RIZZO DI RIZZO ANGELO & C. SAS,AgipEni,SOCIETA' RIZZO DI RIZZO ANGELO & C. S.A.S.,VIALE STEFANO CANDURA 61 - 93100 CALTANISSETTA (CL),CALTANISSETTA,CL,37.47472074692059,14.046713715222154,Gasolio,2,2.019,True,2026-06-10T17:50:10Z,2026-06-10T17:50:10Z,2,"Bancomat, Autolavaggio"
2026-06-10T20:01:57.266232,10317,SOCIETA' RIZZO DI RIZZO ANGELO & C. SAS,AgipEni,SOCIETA' RIZZO DI RIZZO ANGELO & C. S.A.S.,VIALE STEFANO CANDURA 61 - 93100 CALTANISSETTA (CL),CALTANISSETTA,CL,37.47472074692059,14.046713715222154,Blue Diesel,20,2.339,False,2026-06-10T04:26:08Z,2026-06-10T04:26:08Z,2,"Bancomat, Autolavaggio"
2026-06-10T20:01:57.266232,10317,SOCIETA' RIZZO DI RIZZO ANGELO & C. SAS,AgipEni,SOCIETA' RIZZO DI RIZZO ANGELO & C. S.A.S.,VIALE STEFANO CANDURA 61 - 93100 CALTANISSETTA (CL),CALTANISSETTA,CL,37.47472074692059,14.046713715222154,Blue Diesel,20,2.119,True,2026-06-10T17:50:10Z,2026-06-10T17:50:10Z,2,"Bancomat, Autolavaggio"
2026-06-10T20:01:57.266232,37678,eni gazzara sas,AgipEni,GAZZARA S.A.S. DI GAZZARA SALVATORE & C.,VIA BORREMANS 153 - 93100 CALTANISSETTA (CL),CALTANISSETTA,CL,37.496984102649236,14.05728902215958,Benzina,1,2.109,False,2026-06-09T06:28:06Z,2026-06-09T06:28:06Z,2,"Food&Beverage, Bancomat"
2026-06-10T20:01:57.266232,37678,eni gazzara sas,AgipEni,GAZZARA S.A.S. DI GAZZARA SALVATORE & C.,VIA BORREMANS 153 - 93100 CALTANISSETTA (CL),CALTANISSETTA,CL,37.496984102649236,14.05728902215958,Benzina,1,1.889,True,2026-06-10T16:22:13Z,2026-06-10T16:22:13Z,2,"Food&Beverage, Bancomat"
2026-06-10T20:01:57.266232,37678,eni gazzara sas,AgipEni,GAZZARA S.A.S. DI GAZZARA SALVATORE & C.,VIA BORREMANS 153 - 93100 CALTANISSETTA (CL),CALTANISSETTA,CL,37.496984102649236,14.05728902215958,Gasolio,2,2.239,False,2026-06-09T06:28:06Z,2026-06-09T06:28:06Z,2,"Food&Beverage, Bancomat"
2026-06-10T20:01:57.266232,37678,eni gazzara sas,AgipEni,GAZZARA S.A.S. DI GAZZARA SALVATORE & C.,VIA BORREMANS 153 - 93100 CALTANISSETTA (CL),CALTANISSETTA,CL,37.496984102649236,14.05728902215958,Gasolio,2,2.019,True,2026-06-10T16:22:13Z,2026-06-10T16:22:13Z,2,"Food&Beverage, Bancomat"
2026-06-10T20:01:57.266232,37678,eni gazzara sas,AgipEni,GAZZARA S.A.S. DI GAZZARA SALVATORE & C.,VIA BORREMANS 153 - 93100 CALTANISSETTA (CL),CALTANISSETTA,CL,37.496984102649236,14.05728902215958,Blue Diesel,20,2.339,False,2026-06-09T06:28:06Z,2026-06-09T06:28:06Z,2,"Food&Beverage, Bancomat"
2026-06-10T20:01:57.266232,37678,eni gazzara sas,AgipEni,GAZZARA S.A.S. DI GAZZARA SALVATORE & C.,VIA BORREMANS 153 - 93100 CALTANISSETTA (CL),CALTANISSETTA,CL,37.496984102649236,14.05728902215958,Blue Diesel,20,2.119,True,2026-06-10T16:22:13Z,2026-06-10T16:22:13Z,2,"Food&Beverage, Bancomat"
2026-06-10T20:01:57.266232,60760,SEPA CALTANISSETTA CANDURA,Esso,"SEBASTIANO PAPPALARDO S.R.L. OD IN FORMA ABBREVIATA ""SEPA S.R.L.""",Viale Stefano Candura SN - 93100 CALTANISSETTA (CL),CALTANISSETTA,CL,37.477767215800846,14.052087928967438,Benzina,1,1.899,True,2026-06-10T10:01:16Z,2026-06-10T10:01:00Z,1,Bancomat
2026-06-10T20:01:57.266232,60760,SEPA CALTANISSETTA CANDURA,Esso,"SEBASTIANO PAPPALARDO S.R.L. OD IN FORMA ABBREVIATA ""SEPA S.R.L.""",Viale Stefano Candura SN - 93100 CALTANISSETTA (CL),CALTANISSETTA,CL,37.477767215800846,14.052087928967438,Gasolio,2,2.029,True,2026-06-10T10:01:16Z,2026-06-10T10:01:00Z,1,Bancomat
2026-06-10T20:01:57.266232,53940,CL010,EOS,EOS SERVICES S.R.L. A SOCIO UNICO,Via F. Paladini Caltanissetta - 93100 CALTANISSETTA (CL),CALTANISSETTA,CL,37.49947029676071,14.063409335650242,Benzina,1,1.899,True,2026-06-10T08:00:04Z,2026-06-10T08:00:04Z,1,Bancomat
2026-06-10T20:01:57.266232,53940,CL010,EOS,EOS SERVICES S.R.L. A SOCIO UNICO,Via F. Paladini Caltanissetta - 93100 CALTANISSETTA (CL),CALTANISSETTA,CL,37.49947029676071,14.063409335650242,Gasolio,2,1.979,True,2026-06-10T08:00:04Z,2026-06-10T08:00:04Z,1,Bancomat
2026-06-10T20:01:57.266232,55522,SEAR IDROCARBURI SRL ESSO,Esso,SEAR IDROCARBURI S.R.L.,640 KM 67+910 SNC - 93100 CALTANISSETTA (CL),CALTANISSETTA,CL,37.53043788833007,14.08121109008789,Benzina,1,1.996,True,2026-06-10T07:43:09Z,2026-06-10T07:43:00Z,5,"Bancomat, Food&Beverage, Sosta Camper/Tir, Wi-Fi, Servizi per disabili"
2026-06-10T20:01:57.266232,55522,SEAR IDROCARBURI SRL ESSO,Esso,SEAR IDROCARBURI S.R.L.,640 KM 67+910 SNC - 93100 CALTANISSETTA (CL),CALTANISSETTA,CL,37.53043788833007,14.08121109008789,Gasolio,2,2.108,True,2026-06-10T07:43:09Z,2026-06-10T07:43:00Z,5,"Bancomat, Food&Beverage, Sosta Camper/Tir, Wi-Fi, Servizi per disabili"
2026-06-10T20:01:57.266232,55522,SEAR IDROCARBURI SRL ESSO,Esso,SEAR IDROCARBURI S.R.L.,640 KM 67+910 SNC - 93100 CALTANISSETTA (CL),CALTANISSETTA,CL,37.53043788833007,14.08121109008789,Supreme Diesel,327,2.308,True,2026-06-10T07:43:09Z,2026-06-10T07:43:00Z,5,"Bancomat, Food&Beverage, Sosta Camper/Tir, Wi-Fi, Servizi per disabili"
2026-06-10T20:01:57.266232,61814,ENI 19530,AgipEni,AF GROUP S.N.C. DI FONTI ALESSANDRO DOMENICO E RIGGI FABRIZIO,PAPA LEONE XIII SNC - 93100 CALTANISSETTA (CL),CALTANISSETTA,CL,37.49102780766654,14.042521477958054,Benzina,1,2.094,False,2026-06-10T06:20:45Z,2026-06-10T06:20:45Z,0,
2026-06-10T20:01:57.266232,61814,ENI 19530,AgipEni,AF GROUP S.N.C. DI FONTI ALESSANDRO DOMENICO E RIGGI FABRIZIO,PAPA LEONE XIII SNC - 93100 CALTANISSETTA (CL),CALTANISSETTA,CL,37.49102780766654,14.042521477958054,Benzina,1,1.884,True,2026-06-10T06:20:45Z,2026-06-10T06:20:45Z,0,
2026-06-10T20:01:57.266232,61814,ENI 19530,AgipEni,AF GROUP S.N.C. DI FONTI ALESSANDRO DOMENICO E RIGGI FABRIZIO,PAPA LEONE XIII SNC - 93100 CALTANISSETTA (CL),CALTANISSETTA,CL,37.49102780766654,14.042521477958054,Gasolio,2,2.224,False,2026-06-10T06:20:45Z,2026-06-10T06:20:45Z,0,
2026-06-10T20:01:57.266232,61814,ENI 19530,AgipEni,AF GROUP S.N.C. DI FONTI ALESSANDRO DOMENICO E RIGGI FABRIZIO,PAPA LEONE XIII SNC - 93100 CALTANISSETTA (CL),CALTANISSETTA,CL,37.49102780766654,14.042521477958054,Gasolio,2,2.014,True,2026-06-10T06:20:45Z,2026-06-10T06:20:45Z,0,
2026-06-10T20:01:57.266232,61814,ENI 19530,AgipEni,AF GROUP S.N.C. DI FONTI ALESSANDRO DOMENICO E RIGGI FABRIZIO,PAPA LEONE XIII SNC - 93100 CALTANISSETTA (CL),CALTANISSETTA,CL,37.49102780766654,14.042521477958054,Blue Diesel,20,2.324,False,2026-06-10T06:20:45Z,2026-06-10T06:20:45Z,0,
2026-06-10T20:01:57.266232,61814,ENI 19530,AgipEni,AF GROUP S.N.C. DI FONTI ALESSANDRO DOMENICO E RIGGI FABRIZIO,PAPA LEONE XIII SNC - 93100 CALTANISSETTA (CL),CALTANISSETTA,CL,37.49102780766654,14.042521477958054,Blue Diesel,20,2.114,True,2026-06-10T06:20:45Z,2026-06-10T06:20:45Z,0,
2026-06-10T20:01:57.266232,58589,19501 CALTANISSETTA,AgipEni,ENIMOOV S.P.A.,Via di Santo Spirito 98 - 93100 CALTANISSETTA (CL),CALTANISSETTA,CL,37.50656,14.080456,Benzina,1,2.109,False,2026-06-10T06:20:42Z,2026-06-10T06:20:42Z,0,
2026-06-10T20:01:57.266232,58589,19501 CALTANISSETTA,AgipEni,ENIMOOV S.P.A.,Via di Santo Spirito 98 - 93100 CALTANISSETTA (CL),CALTANISSETTA,CL,37.50656,14.080456,Benzina,1,1.889,True,2026-06-10T06:20:42Z,2026-06-10T06:20:42Z,0,
2026-06-10T20:01:57.266232,58589,19501 CALTANISSETTA,AgipEni,ENIMOOV S.P.A.,Via di Santo Spirito 98 - 93100 CALTANISSETTA (CL),CALTANISSETTA,CL,37.50656,14.080456,Gasolio,2,2.239,False,2026-06-10T06:20:42Z,2026-06-10T06:20:42Z,0,
2026-06-10T20:01:57.266232,58589,19501 CALTANISSETTA,AgipEni,ENIMOOV S.P.A.,Via di Santo Spirito 98 - 93100 CALTANISSETTA (CL),CALTANISSETTA,CL,37.50656,14.080456,Gasolio,2,2.019,True,2026-06-10T06:20:42Z,2026-06-10T06:20:42Z,0,
2026-06-10T20:01:57.266232,58589,19501 CALTANISSETTA,AgipEni,ENIMOOV S.P.A.,Via di Santo Spirito 98 - 93100 CALTANISSETTA (CL),CALTANISSETTA,CL,37.50656,14.080456,Blue Diesel,20,2.339,False,2026-06-10T06:20:42Z,2026-06-10T06:20:42Z,0,
2026-06-10T20:01:57.266232,58589,19501 CALTANISSETTA,AgipEni,ENIMOOV S.P.A.,Via di Santo Spirito 98 - 93100 CALTANISSETTA (CL),CALTANISSETTA,CL,37.50656,14.080456,Blue Diesel,20,2.119,True,2026-06-10T06:20:42Z,2026-06-10T06:20:42Z,0,
2026-06-10T20:01:57.266232,58072,9534 CALTANISETTA,AgipEni,ENIMOOV S.P.A.,VIA NAPOLEONE COLAIANNI  169 - CALTANISSETTA (CL),CALTANISSETTA,CL,37.48086,14.055989,Benzina,1,2.109,False,2026-06-10T06:20:36Z,2026-06-10T06:20:36Z,0,
2026-06-10T20:01:57.266232,58072,9534 CALTANISETTA,AgipEni,ENIMOOV S.P.A.,VIA NAPOLEONE COLAIANNI  169 - CALTANISSETTA (CL),CALTANISSETTA,CL,37.48086,14.055989,Benzina,1,1.889,True,2026-06-10T06:20:36Z,2026-06-10T06:20:36Z,0,
2026-06-10T20:01:57.266232,58072,9534 CALTANISETTA,AgipEni,ENIMOOV S.P.A.,VIA NAPOLEONE COLAIANNI  169 - CALTANISSETTA (CL),CALTANISSETTA,CL,37.48086,14.055989,Gasolio,2,2.239,False,2026-06-10T06:20:36Z,2026-06-10T06:20:36Z,0,
2026-06-10T20:01:57.266232,58072,9534 CALTANISETTA,AgipEni,ENIMOOV S.P.A.,VIA NAPOLEONE COLAIANNI  169 - CALTANISSETTA (CL),CALTANISSETTA,CL,37.48086,14.055989,Gasolio,2,2.019,True,2026-06-10T06:20:36Z,2026-06-10T06:20:36Z,0,
2026-06-10T20:01:57.266232,58072,9534 CALTANISETTA,AgipEni,ENIMOOV S.P.A.,VIA NAPOLEONE COLAIANNI  169 - CALTANISSETTA (CL),CALTANISSETTA,CL,37.48086,14.055989,HVOlution,394,2.239,False,2026-06-10T06:20:36Z,2026-06-10T06:20:36Z,0,
2026-06-10T20:01:57.266232,58072,9534 CALTANISETTA,AgipEni,ENIMOOV S.P.A.,VIA NAPOLEONE COLAIANNI  169 - CALTANISSETTA (CL),CALTANISSETTA,CL,37.48086,14.055989,HVOlution,394,2.019,True,2026-06-10T06:20:36Z,2026-06-10T06:20:36Z,0,
2026-06-10T20:01:57.266232,58917,9501 SAN CATALDO,AgipEni,ENIMOOV S.P.A.,PIAZZA DEGLI EROI - SAN CATALDO (CL),SAN CATALDO,CL,37.492115,13.993858,Benzina,1,2.109,False,2026-06-10T06:20:32Z,2026-06-10T06:20:32Z,0,
2026-06-10T20:01:57.266232,58917,9501 SAN CATALDO,AgipEni,ENIMOOV S.P.A.,PIAZZA DEGLI EROI - SAN CATALDO (CL),SAN CATALDO,CL,37.492115,13.993858,Benzina,1,1.889,True,2026-06-10T06:20:32Z,2026-06-10T06:20:32Z,0,
2026-06-10T20:01:57.266232,58917,9501 SAN CATALDO,AgipEni,ENIMOOV S.P.A.,PIAZZA DEGLI EROI - SAN CATALDO (CL),SAN CATALDO,CL,37.492115,13.993858,Gasolio,2,2.239,False,2026-06-10T06:20:32Z,2026-06-10T06:20:32Z,0,
2026-06-10T20:01:57.266232,58917,9501 SAN CATALDO,AgipEni,ENIMOOV S.P.A.,PIAZZA DEGLI EROI - SAN CATALDO (CL),SAN CATALDO,CL,37.492115,13.993858,Gasolio,2,2.019,True,2026-06-10T06:20:32Z,2026-06-10T06:20:32Z,0,
2026-06-10T20:01:57.266232,58917,9501 SAN CATALDO,AgipEni,ENIMOOV S.P.A.,PIAZZA DEGLI EROI - SAN CATALDO (CL),SAN CATALDO,CL,37.492115,13.993858,Blue Diesel,20,2.339,False,2026-06-10T06:20:32Z,2026-06-10T06:20:32Z,0,
2026-06-10T20:01:57.266232,58917,9501 SAN CATALDO,AgipEni,ENIMOOV S.P.A.,PIAZZA DEGLI EROI - SAN CATALDO (CL),SAN CATALDO,CL,37.492115,13.993858,Blue Diesel,20,2.119,True,2026-06-10T06:20:32Z,2026-06-10T06:20:32Z,0,
2026-06-10T20:01:57.266232,58865,9495 CALTANISSETTA,AgipEni,ENIMOOV S.P.A.,Via Borremans 187 - 93100 CALTANISSETTA (CL),CALTANISSETTA,CL,37.497864,14.056085,Benzina,1,2.109,False,2026-06-10T06:20:28Z,2026-06-10T06:20:28Z,0,
2026-06-10T20:01:57.266232,58865,9495 CALTANISSETTA,AgipEni,ENIMOOV S.P.A.,Via Borremans 187 - 93100 CALTANISSETTA (CL),CALTANISSETTA,CL,37.497864,14.056085,Benzina,1,1.889,True,2026-06-10T06:20:28Z,2026-06-10T06:20:28Z,0,
2026-06-10T20:01:57.266232,58865,9495 CALTANISSETTA,AgipEni,ENIMOOV S.P.A.,Via Borremans 187 - 93100 CALTANISSETTA (CL),CALTANISSETTA,CL,37.497864,14.056085,Gasolio,2,2.239,False,2026-06-10T06:20:28Z,2026-06-10T06:20:28Z,0,
2026-06-10T20:01:57.266232,58865,9495 CALTANISSETTA,AgipEni,ENIMOOV S.P.A.,Via Borremans 187 - 93100 CALTANISSETTA (CL),CALTANISSETTA,CL,37.497864,14.056085,Gasolio,2,2.019,True,2026-06-10T06:20:28Z,2026-06-10T06:20:28Z,0,
2026-06-10T20:01:57.266232,58865,9495 CALTANISSETTA,AgipEni,ENIMOOV S.P.A.,Via Borremans 187 - 93100 CALTANISSETTA (CL),CALTANISSETTA,CL,37.497864,14.056085,Blue Diesel,20,2.339,False,2026-06-10T06:20:28Z,2026-06-10T06:20:28Z,0,
2026-06-10T20:01:57.266232,58865,9495 CALTANISSETTA,AgipEni,ENIMOOV S.P.A.,Via Borremans 187 - 93100 CALTANISSETTA (CL),CALTANISSETTA,CL,37.497864,14.056085,Blue Diesel,20,2.119,True,2026-06-10T06:20:28Z,2026-06-10T06:20:28Z,0,
2026-06-10T20:01:57.266232,62822,19540 SAN CATALDO,AgipEni,ENIMOOV S.P.A.,VIA BABAURRA  S.N. - SAN CATALDO (CL),SAN CATALDO,CL,37.48797,14.001839,Benzina,1,2.109,False,2026-06-10T05:58:12Z,2026-06-10T05:58:12Z,0,
2026-06-10T20:01:57.266232,62822,19540 SAN CATALDO,AgipEni,ENIMOOV S.P.A.,VIA BABAURRA  S.N. - SAN CATALDO (CL),SAN CATALDO,CL,37.48797,14.001839,Benzina,1,1.889,True,2026-06-10T05:58:12Z,2026-06-10T05:58:12Z,0,
2026-06-10T20:01:57.266232,62822,19540 SAN CATALDO,AgipEni,ENIMOOV S.P.A.,VIA BABAURRA  S.N. - SAN CATALDO (CL),SAN CATALDO,CL,37.48797,14.001839,Gasolio,2,2.239,False,2026-06-10T05:58:12Z,2026-06-10T05:58:12Z,0,
2026-06-10T20:01:57.266232,62822,19540 SAN CATALDO,AgipEni,ENIMOOV S.P.A.,VIA BABAURRA  S.N. - SAN CATALDO (CL),SAN CATALDO,CL,37.48797,14.001839,Gasolio,2,2.019,True,2026-06-10T05:58:12Z,2026-06-10T05:58:12Z,0,
2026-06-10T20:01:57.266232,62822,19540 SAN CATALDO,AgipEni,ENIMOOV S.P.A.,VIA BABAURRA  S.N. - SAN CATALDO (CL),SAN CATALDO,CL,37.48797,14.001839,Blue Diesel,20,2.339,False,2026-06-10T05:58:12Z,2026-06-10T05:58:12Z,0,
2026-06-10T20:01:57.266232,62822,19540 SAN CATALDO,AgipEni,ENIMOOV S.P.A.,VIA BABAURRA  S.N. - SAN CATALDO (CL),SAN CATALDO,CL,37.48797,14.001839,Blue Diesel,20,2.119,True,2026-06-10T05:58:12Z,2026-06-10T05:58:12Z,0,
2026-06-10T20:01:57.266232,58583,9503 CALTANISSETTA,AgipEni,ENIMOOV S.P.A.,VIALE DELLA REGIONE SICILIANA  31 - CALTANISSETTA (CL),CALTANISSETTA,CL,37.493256,14.049458,Benzina,1,2.109,False,2026-06-10T05:58:07Z,2026-06-10T05:58:07Z,0,
2026-06-10T20:01:57.266232,58583,9503 CALTANISSETTA,AgipEni,ENIMOOV S.P.A.,VIALE DELLA REGIONE SICILIANA  31 - CALTANISSETTA (CL),CALTANISSETTA,CL,37.493256,14.049458,Benzina,1,1.889,True,2026-06-10T05:58:07Z,2026-06-10T05:58:07Z,0,
2026-06-10T20:01:57.266232,58583,9503 CALTANISSETTA,AgipEni,ENIMOOV S.P.A.,VIALE DELLA REGIONE SICILIANA  31 - CALTANISSETTA (CL),CALTANISSETTA,CL,37.493256,14.049458,Gasolio,2,2.239,False,2026-06-10T05:58:07Z,2026-06-10T05:58:07Z,0,
2026-06-10T20:01:57.266232,58583,9503 CALTANISSETTA,AgipEni,ENIMOOV S.P.A.,VIALE DELLA REGIONE SICILIANA  31 - CALTANISSETTA (CL),CALTANISSETTA,CL,37.493256,14.049458,Gasolio,2,2.019,True,2026-06-10T05:58:07Z,2026-06-10T05:58:07Z,0,
2026-06-10T20:01:57.266232,58583,9503 CALTANISSETTA,AgipEni,ENIMOOV S.P.A.,VIALE DELLA REGIONE SICILIANA  31 - CALTANISSETTA (CL),CALTANISSETTA,CL,37.493256,14.049458,Blue Diesel,20,2.339,False,2026-06-10T05:58:07Z,2026-06-10T05:58:07Z,0,
2026-06-10T20:01:57.266232,58583,9503 CALTANISSETTA,AgipEni,ENIMOOV S.P.A.,VIALE DELLA REGIONE SICILIANA  31 - CALTANISSETTA (CL),CALTANISSETTA,CL,37.493256,14.049458,Blue Diesel,20,2.119,True,2026-06-10T05:58:07Z,2026-06-10T05:58:07Z,0,
2026-06-10T20:01:57.266232,58583,9503 CALTANISSETTA,AgipEni,ENIMOOV S.P.A.,VIALE DELLA REGIONE SICILIANA  31 - CALTANISSETTA (CL),CALTANISSETTA,CL,37.493256,14.049458,HVOlution,394,2.239,False,2026-06-10T05:58:07Z,2026-06-10T05:58:07Z,0,
2026-06-10T20:01:57.266232,58583,9503 CALTANISSETTA,AgipEni,ENIMOOV S.P.A.,VIALE DELLA REGIONE SICILIANA  31 - CALTANISSETTA (CL),CALTANISSETTA,CL,37.493256,14.049458,HVOlution,394,2.019,True,2026-06-10T05:58:07Z,2026-06-10T05:58:07Z,0,
2026-06-10T20:01:57.266232,49784,MULTI ENERGY DI GUARNERI SALVATORE E C. S.A.S.,Esso,MULTI ENERGY DI GUARNERI SALVATORE E C. S.A.S.,S.P. 6 KM 0+530 - 93017 SAN CATALDO (CL),SAN CATALDO,CL,37.47737420148675,13.992720968050918,Benzina,1,2.129,False,2026-06-10T04:21:20Z,2026-06-10T05:00:00Z,3,"Food&Beverage, Bancomat, Autolavaggio"
2026-06-10T20:01:57.266232,49784,MULTI ENERGY DI GUARNERI SALVATORE E C. S.A.S.,Esso,MULTI ENERGY DI GUARNERI SALVATORE E C. S.A.S.,S.P. 6 KM 0+530 - 93017 SAN CATALDO (CL),SAN CATALDO,CL,37.47737420148675,13.992720968050918,Benzina,1,1.919,True,2026-06-10T04:21:20Z,2026-06-10T05:00:00Z,3,"Food&Beverage, Bancomat, Autolavaggio"
2026-06-10T20:01:57.266232,49784,MULTI ENERGY DI GUARNERI SALVATORE E C. S.A.S.,Esso,MULTI ENERGY DI GUARNERI SALVATORE E C. S.A.S.,S.P. 6 KM 0+530 - 93017 SAN CATALDO (CL),SAN CATALDO,CL,37.47737420148675,13.992720968050918,Gasolio,2,2.26,False,2026-06-10T04:21:20Z,2026-06-10T05:00:00Z,3,"Food&Beverage, Bancomat, Autolavaggio"
2026-06-10T20:01:57.266232,49784,MULTI ENERGY DI GUARNERI SALVATORE E C. S.A.S.,Esso,MULTI ENERGY DI GUARNERI SALVATORE E C. S.A.S.,S.P. 6 KM 0+530 - 93017 SAN CATALDO (CL),SAN CATALDO,CL,37.47737420148675,13.992720968050918,Gasolio,2,2.05,True,2026-06-10T04:21:20Z,2026-06-10T05:00:00Z,3,"Food&Beverage, Bancomat, Autolavaggio"
2026-06-10T20:01:57.266232,49784,MULTI ENERGY DI GUARNERI SALVATORE E C. S.A.S.,Esso,MULTI ENERGY DI GUARNERI SALVATORE E C. S.A.S.,S.P. 6 KM 0+530 - 93017 SAN CATALDO (CL),SAN CATALDO,CL,37.47737420148675,13.992720968050918,Supreme Diesel,327,2.25,True,2026-06-10T04:21:20Z,2026-06-10T05:00:00Z,3,"Food&Beverage, Bancomat, Autolavaggio"
2026-06-10T20:01:57.266232,25152,CORSO SICILIA SAN CATALDO ,Giap,SERVIZI E GESTIONI ZENIT S.R.L. IN SIGLA - ZENIT S.R.L.,CORSO SICILIA - - - SAN CATALDO (CL),SAN CATALDO,CL,37.488061395978164,13.991350382566452,Benzina,1,1.898,False,2026-06-10T03:57:35Z,2026-06-10T03:57:35Z,0,
2026-06-10T20:01:57.266232,25152,CORSO SICILIA SAN CATALDO ,Giap,SERVIZI E GESTIONI ZENIT S.R.L. IN SIGLA - ZENIT S.R.L.,CORSO SICILIA - - - SAN CATALDO (CL),SAN CATALDO,CL,37.488061395978164,13.991350382566452,Benzina,1,1.898,True,2026-06-10T03:57:35Z,2026-06-10T03:57:35Z,0,
2026-06-10T20:01:57.266232,25152,CORSO SICILIA SAN CATALDO ,Giap,SERVIZI E GESTIONI ZENIT S.R.L. IN SIGLA - ZENIT S.R.L.,CORSO SICILIA - - - SAN CATALDO (CL),SAN CATALDO,CL,37.488061395978164,13.991350382566452,Gasolio,2,2.028,False,2026-06-10T03:57:35Z,2026-06-10T03:57:35Z,0,
2026-06-10T20:01:57.266232,25152,CORSO SICILIA SAN CATALDO ,Giap,SERVIZI E GESTIONI ZENIT S.R.L. IN SIGLA - ZENIT S.R.L.,CORSO SICILIA - - - SAN CATALDO (CL),SAN CATALDO,CL,37.488061395978164,13.991350382566452,Gasolio,2,2.028,True,2026-06-10T03:57:35Z,2026-06-10T03:57:35Z,0,
2026-06-10T20:01:57.266232,19702,CALTANISSETTA VIA CATANIA PAL.ARGENTO,Q8,SERVIZI & GESTIONI ITALIA S.R.L.,VIA CATANIA PAL.ARGENTO - 93100 CALTANISSETTA (CL),CALTANISSETTA,CL,37.49259962313395,14.053904993254037,Benzina,1,1.889,True,2026-06-09T23:40:14Z,2026-06-09T23:40:14Z,0,
2026-06-10T20:01:57.266232,19702,CALTANISSETTA VIA CATANIA PAL.ARGENTO,Q8,SERVIZI & GESTIONI ITALIA S.R.L.,VIA CATANIA PAL.ARGENTO - 93100 CALTANISSETTA (CL),CALTANISSETTA,CL,37.49259962313395,14.053904993254037,Gasolio,2,2.019,True,2026-06-09T23:40:14Z,2026-06-09T23:40:14Z,0,
2026-06-10T20:01:57.266232,47937,SICILPETROLI SS 640 - S. LUCIA,Sicilpetroli,SICILPETROLI S.R.L.,"STRADA STAT. RACCORDO S.S. 640 KM 4+810 SN 93100, CALTANISSETTA (CL) SN - 93100 CALTANISSETTA (CL)",CALTANISSETTA,CL,37.475972227142734,14.077053070068354,Benzina,1,2.199,False,2026-06-09T21:42:38Z,2026-06-09T21:42:38Z,3,"Servizi per disabili, Food&Beverage, Bancomat"
2026-06-10T20:01:57.266232,47937,SICILPETROLI SS 640 - S. LUCIA,Sicilpetroli,SICILPETROLI S.R.L.,"STRADA STAT. RACCORDO S.S. 640 KM 4+810 SN 93100, CALTANISSETTA (CL) SN - 93100 CALTANISSETTA (CL)",CALTANISSETTA,CL,37.475972227142734,14.077053070068354,Benzina,1,1.899,True,2026-06-09T21:53:31Z,2026-06-09T21:53:31Z,3,"Servizi per disabili, Food&Beverage, Bancomat"
2026-06-10T20:01:57.266232,47937,SICILPETROLI SS 640 - S. LUCIA,Sicilpetroli,SICILPETROLI S.R.L.,"STRADA STAT. RACCORDO S.S. 640 KM 4+810 SN 93100, CALTANISSETTA (CL) SN - 93100 CALTANISSETTA (CL)",CALTANISSETTA,CL,37.475972227142734,14.077053070068354,Gasolio,2,2.289,False,2026-06-09T04:46:09Z,2026-06-09T04:46:09Z,3,"Servizi per disabili, Food&Beverage, Bancomat"
2026-06-10T20:01:57.266232,47937,SICILPETROLI SS 640 - S. LUCIA,Sicilpetroli,SICILPETROLI S.R.L.,"STRADA STAT. RACCORDO S.S. 640 KM 4+810 SN 93100, CALTANISSETTA (CL) SN - 93100 CALTANISSETTA (CL)",CALTANISSETTA,CL,37.475972227142734,14.077053070068354,Gasolio,2,1.989,True,2026-06-09T04:46:09Z,2026-06-09T04:46:09Z,3,"Servizi per disabili, Food&Beverage, Bancomat"
2026-06-10T20:01:57.266232,47937,SICILPETROLI SS 640 - S. LUCIA,Sicilpetroli,SICILPETROLI S.R.L.,"STRADA STAT. RACCORDO S.S. 640 KM 4+810 SN 93100, CALTANISSETTA (CL) SN - 93100 CALTANISSETTA (CL)",CALTANISSETTA,CL,37.475972227142734,14.077053070068354,GPL,4,0.849,False,2026-06-09T21:42:38Z,2026-06-09T21:42:38Z,3,"Servizi per disabili, Food&Beverage, Bancomat"
2026-06-10T20:01:57.266232,25330,A. Di Benedetto srl Viale Trieste Caltanissetta,Sicilpetroli,ALFONSO DI BENEDETTO CARBURANTI LUBRIFICANTI SRL,"VIA VIALE TRIESTE S. N. 93100, CALTANISSETTA (CL) S.N. - 93100 CALTANISSETTA (CL)",CALTANISSETTA,CL,37.494629474835264,14.052116403240689,Benzina,1,1.899,True,2026-06-09T06:00:51Z,2026-06-09T06:00:51Z,1,Bancomat
2026-06-10T20:01:57.266232,25330,A. Di Benedetto srl Viale Trieste Caltanissetta,Sicilpetroli,ALFONSO DI BENEDETTO CARBURANTI LUBRIFICANTI SRL,"VIA VIALE TRIESTE S. N. 93100, CALTANISSETTA (CL) S.N. - 93100 CALTANISSETTA (CL)",CALTANISSETTA,CL,37.494629474835264,14.052116403240689,Gasolio,2,2.029,True,2026-06-09T21:24:26Z,2026-06-09T21:24:26Z,1,Bancomat
2026-06-10T20:01:57.266232,48585,Fuelpower Caltanissetta,PompeBianche,FUELPOWER  SOCIETA' A RESPONSABILITA' LIMITATA,Via S. Averna - C.da Calderaro sn - 93100 CALTANISSETTA (CL),CALTANISSETTA,CL,37.47253758406316,14.056678999999983,Benzina,1,1.895,False,2026-06-09T10:02:21Z,2026-06-09T10:01:00Z,4,"Bancomat, Food&Beverage, Wi-Fi, Servizi per disabili"
2026-06-10T20:01:57.266232,48585,Fuelpower Caltanissetta,PompeBianche,FUELPOWER  SOCIETA' A RESPONSABILITA' LIMITATA,Via S. Averna - C.da Calderaro sn - 93100 CALTANISSETTA (CL),CALTANISSETTA,CL,37.47253758406316,14.056678999999983,Gasolio,2,1.985,False,2026-06-09T10:02:21Z,2026-06-09T10:01:00Z,4,"Bancomat, Food&Beverage, Wi-Fi, Servizi per disabili"
2026-06-10T20:01:57.266232,48585,Fuelpower Caltanissetta,PompeBianche,FUELPOWER  SOCIETA' A RESPONSABILITA' LIMITATA,Via S. Averna - C.da Calderaro sn - 93100 CALTANISSETTA (CL),CALTANISSETTA,CL,37.47253758406316,14.056678999999983,GPL,4,0.849,False,2026-06-09T10:02:21Z,2026-06-09T10:01:00Z,4,"Bancomat, Food&Beverage, Wi-Fi, Servizi per disabili"
2026-06-10T20:01:57.266232,48585,Fuelpower Caltanissetta,PompeBianche,FUELPOWER  SOCIETA' A RESPONSABILITA' LIMITATA,Via S. Averna - C.da Calderaro sn - 93100 CALTANISSETTA (CL),CALTANISSETTA,CL,37.47253758406316,14.056678999999983,HVO,424,1.965,False,2026-06-09T10:02:21Z,2026-06-09T10:01:00Z,4,"Bancomat, Food&Beverage, Wi-Fi, Servizi per disabili"
2026-06-10T20:01:57.266232,51527,CALTANISSETTA VIA TRIESTE 263 ,Q8,SERVIZI & GESTIONI ITALIA S.R.L.,VIA TRIESTE 263 - 93100 CALTANISSETTA (CL),CALTANISSETTA,CL,37.49445686858574,14.049212297553249,Benzina,1,1.899,True,2026-06-09T05:39:11Z,2026-06-09T05:39:11Z,0,
2026-06-10T20:01:57.266232,51527,CALTANISSETTA VIA TRIESTE 263 ,Q8,SERVIZI & GESTIONI ITALIA S.R.L.,VIA TRIESTE 263 - 93100 CALTANISSETTA (CL),CALTANISSETTA,CL,37.49445686858574,14.049212297553249,Gasolio,2,2.039,True,2026-06-09T05:39:11Z,2026-06-09T05:39:11Z,0,
2026-06-10T20:01:57.266232,49644,CL013,Q8,EOS SERVICES S.R.L. A SOCIO UNICO,Via Nuova Circonvallazione - 93100 CALTANISSETTA (CL),CALTANISSETTA,CL,37.50781391316337,14.069070816040034,Benzina,1,1.919,False,2026-06-05T10:06:04Z,2026-06-05T10:06:04Z,0,
2026-06-10T20:01:57.266232,49644,CL013,Q8,EOS SERVICES S.R.L. A SOCIO UNICO,Via Nuova Circonvallazione - 93100 CALTANISSETTA (CL),CALTANISSETTA,CL,37.50781391316337,14.069070816040034,Benzina,1,1.919,True,2026-06-05T10:06:04Z,2026-06-05T10:06:04Z,0,
2026-06-10T20:01:57.266232,49644,CL013,Q8,EOS SERVICES S.R.L. A SOCIO UNICO,Via Nuova Circonvallazione - 93100 CALTANISSETTA (CL),CALTANISSETTA,CL,37.50781391316337,14.069070816040034,Gasolio,2,1.999,False,2026-06-08T09:51:05Z,2026-06-08T09:51:05Z,0,
2026-06-10T20:01:57.266232,49644,CL013,Q8,EOS SERVICES S.R.L. A SOCIO UNICO,Via Nuova Circonvallazione - 93100 CALTANISSETTA (CL),CALTANISSETTA,CL,37.50781391316337,14.069070816040034,Gasolio,2,1.999,True,2026-06-08T09:51:05Z,2026-06-08T09:51:05Z,0,
2026-06-10T20:01:57.266232,49644,CL013,Q8,EOS SERVICES S.R.L. A SOCIO UNICO,Via Nuova Circonvallazione - 93100 CALTANISSETTA (CL),CALTANISSETTA,CL,37.50781391316337,14.069070816040034,GPL,4,0.789,False,2026-06-04T13:15:06Z,2026-06-04T13:15:06Z,0,
2026-06-10T20:01:57.266232,49644,CL013,Q8,EOS SERVICES S.R.L. A SOCIO UNICO,Via Nuova Circonvallazione - 93100 CALTANISSETTA (CL),CALTANISSETTA,CL,37.50781391316337,14.069070816040034,GPL,4,0.789,True,2026-06-04T13:15:06Z,2026-06-04T13:15:06Z,0,
2026-06-10T20:01:57.266232,61197,CL011,Q8,EOS SERVICES S.R.L. A SOCIO UNICO,REDENTORE SNC - 93100 CALTANISSETTA (CL),CALTANISSETTA,CL,37.49352242757704,14.066713330952714,Benzina,1,1.919,False,2026-06-05T09:18:06Z,2026-06-05T09:18:06Z,0,
2026-06-10T20:01:57.266232,61197,CL011,Q8,EOS SERVICES S.R.L. A SOCIO UNICO,REDENTORE SNC - 93100 CALTANISSETTA (CL),CALTANISSETTA,CL,37.49352242757704,14.066713330952714,Benzina,1,1.919,True,2026-06-05T09:18:06Z,2026-06-05T09:18:06Z,0,
2026-06-10T20:01:57.266232,61197,CL011,Q8,EOS SERVICES S.R.L. A SOCIO UNICO,REDENTORE SNC - 93100 CALTANISSETTA (CL),CALTANISSETTA,CL,37.49352242757704,14.066713330952714,Gasolio,2,1.999,False,2026-06-08T09:27:06Z,2026-06-08T09:27:06Z,0,
2026-06-10T20:01:57.266232,61197,CL011,Q8,EOS SERVICES S.R.L. A SOCIO UNICO,REDENTORE SNC - 93100 CALTANISSETTA (CL),CALTANISSETTA,CL,37.49352242757704,14.066713330952714,Gasolio,2,1.999,True,2026-06-08T09:27:06Z,2026-06-08T09:27:06Z,0,
2026-06-10T20:01:57.266232,6988,_GRM,PompeBianche,GRM DI MARCHESE RAGONA GIUSEPPE S.A.S.,C.DA GROTTICELLE - CALTANISSETTA (CL),CALTANISSETTA,CL,37.46852804610422,13.999956250190735,Benzina,1,1.999,True,2026-06-08T07:45:54Z,2026-06-08T07:44:00Z,1,Bancomat
2026-06-10T20:01:57.266232,6988,_GRM,PompeBianche,GRM DI MARCHESE RAGONA GIUSEPPE S.A.S.,C.DA GROTTICELLE - CALTANISSETTA (CL),CALTANISSETTA,CL,37.46852804610422,13.999956250190735,Gasolio,2,2.249,False,2026-06-08T07:45:54Z,2026-06-08T07:44:00Z,1,Bancomat
2026-06-10T20:01:57.266232,6988,_GRM,PompeBianche,GRM DI MARCHESE RAGONA GIUSEPPE S.A.S.,C.DA GROTTICELLE - CALTANISSETTA (CL),CALTANISSETTA,CL,37.46852804610422,13.999956250190735,Gasolio,2,2.049,True,2026-06-08T07:45:54Z,2026-06-08T07:44:00Z,1,Bancomat
2026-06-10T20:01:57.266232,6988,_GRM,PompeBianche,GRM DI MARCHESE RAGONA GIUSEPPE S.A.S.,C.DA GROTTICELLE - CALTANISSETTA (CL),CALTANISSETTA,CL,37.46852804610422,13.999956250190735,GPL,4,0.859,False,2026-06-08T07:45:54Z,2026-06-08T07:44:00Z,1,Bancomat
2026-06-10T20:01:57.266232,54000,DB Carburanti Caltanissetta Via Xiboli,DBCarburanti,DI BENEDETTO CARBURANTI S.R.L.,XIBOLI SNC - 93100 CALTANISSETTA (CL),CALTANISSETTA,CL,37.50660784662971,14.080108413786903,Benzina,1,1.899,True,2026-06-08T06:21:49Z,2026-06-08T06:21:00Z,2,"Bancomat, Food&Beverage"
2026-06-10T20:01:57.266232,54000,DB Carburanti Caltanissetta Via Xiboli,DBCarburanti,DI BENEDETTO CARBURANTI S.R.L.,XIBOLI SNC - 93100 CALTANISSETTA (CL),CALTANISSETTA,CL,37.50660784662971,14.080108413786903,Gasolio,2,2.029,True,2026-06-08T06:21:49Z,2026-06-08T06:21:00Z,2,"Bancomat, Food&Beverage"
2026-06-10T20:01:57.266232,53147,DB Carburanti Caltanissetta Piazza Trento,DBCarburanti,DI BENEDETTO CARBURANTI S.R.L.,Piazza Trento snc - 93100 CALTANISSETTA (CL),CALTANISSETTA,CL,37.4943925,14.0540569,Benzina,1,1.899,False,2026-06-08T06:21:21Z,2026-06-08T06:21:00Z,1,Bancomat
2026-06-10T20:01:57.266232,53147,DB Carburanti Caltanissetta Piazza Trento,DBCarburanti,DI BENEDETTO CARBURANTI S.R.L.,Piazza Trento snc - 93100 CALTANISSETTA (CL),CALTANISSETTA,CL,37.4943925,14.0540569,Gasolio,2,2.029,False,2026-06-08T06:21:21Z,2026-06-08T06:21:00Z,1,Bancomat
2026-06-10T20:01:57.266232,53146,DB Carburanti Caltanissetta Via Due Fontane,DBCarburanti,DI BENEDETTO CARBURANTI S.R.L.,Via Due Fontane snc - 93100 CALTANISSETTA (CL),CALTANISSETTA,CL,37.4846734,14.03123,Benzina,1,1.899,False,2026-06-08T06:20:55Z,2026-06-08T06:20:00Z,1,Bancomat
2026-06-10T20:01:57.266232,53146,DB Carburanti Caltanissetta Via Due Fontane,DBCarburanti,DI BENEDETTO CARBURANTI S.R.L.,Via Due Fontane snc - 93100 CALTANISSETTA (CL),CALTANISSETTA,CL,37.4846734,14.03123,Gasolio,2,2.029,False,2026-06-08T06:20:55Z,2026-06-08T06:20:00Z,1,Bancomat
2026-06-10T20:01:57.266232,53143,DB Carburanti Caltanissetta Via Colajanni,DBCarburanti,DI BENEDETTO CARBURANTI S.R.L.,Via Napoleone Colajanni snc - 93100 CALTANISSETTA (CL),CALTANISSETTA,CL,37.4842804,14.0581248,Benzina,1,1.899,False,2026-06-08T06:20:18Z,2026-06-08T06:19:00Z,1,Bancomat
2026-06-10T20:01:57.266232,53143,DB Carburanti Caltanissetta Via Colajanni,DBCarburanti,DI BENEDETTO CARBURANTI S.R.L.,Via Napoleone Colajanni snc - 93100 CALTANISSETTA (CL),CALTANISSETTA,CL,37.4842804,14.0581248,Gasolio,2,2.029,False,2026-06-08T06:20:18Z,2026-06-08T06:19:00Z,1,Bancomat
2026-06-10T20:01:57.266232,53142,DB Carburanti Caltanissetta Via Niscemi,DBCarburanti,DI BENEDETTO CARBURANTI S.R.L.,Via Niscemi 223 - 93100 CALTANISSETTA (CL),CALTANISSETTA,CL,37.484033,14.0586384,Benzina,1,1.899,False,2026-06-08T06:19:45Z,2026-06-08T06:19:00Z,1,Bancomat
2026-06-10T20:01:57.266232,53142,DB Carburanti Caltanissetta Via Niscemi,DBCarburanti,DI BENEDETTO CARBURANTI S.R.L.,Via Niscemi 223 - 93100 CALTANISSETTA (CL),CALTANISSETTA,CL,37.484033,14.0586384,Gasolio,2,2.029,False,2026-06-08T06:19:45Z,2026-06-08T06:19:00Z,1,Bancomat
2026-06-10T20:01:57.266232,49260,ASD IDROCARBURI SAS,Esso,A.S.D. IDROCARBURI DI GIUSEPPINA ANITA ARNONE &  C. S.A.S.,VIA DUE FONTANE 13 - 93100 CALTANISSETTA (CL),CALTANISSETTA,CL,37.49144019829983,14.03929609401506,Benzina,1,2.188,False,2026-06-08T04:12:10Z,2026-06-08T04:11:00Z,1,Bancomat
2026-06-10T20:01:57.266232,49260,ASD IDROCARBURI SAS,Esso,A.S.D. IDROCARBURI DI GIUSEPPINA ANITA ARNONE &  C. S.A.S.,VIA DUE FONTANE 13 - 93100 CALTANISSETTA (CL),CALTANISSETTA,CL,37.49144019829983,14.03929609401506,Benzina,1,1.959,True,2026-06-08T04:12:10Z,2026-06-08T04:11:00Z,1,Bancomat
2026-06-10T20:01:57.266232,49260,ASD IDROCARBURI SAS,Esso,A.S.D. IDROCARBURI DI GIUSEPPINA ANITA ARNONE &  C. S.A.S.,VIA DUE FONTANE 13 - 93100 CALTANISSETTA (CL),CALTANISSETTA,CL,37.49144019829983,14.03929609401506,Gasolio,2,2.269,False,2026-06-08T04:12:10Z,2026-06-08T04:11:00Z,1,Bancomat
2026-06-10T20:01:57.266232,49260,ASD IDROCARBURI SAS,Esso,A.S.D. IDROCARBURI DI GIUSEPPINA ANITA ARNONE &  C. S.A.S.,VIA DUE FONTANE 13 - 93100 CALTANISSETTA (CL),CALTANISSETTA,CL,37.49144019829983,14.03929609401506,Gasolio,2,2.04,True,2026-06-08T04:12:10Z,2026-06-08T04:11:00Z,1,Bancomat
2026-06-10T20:01:57.266232,49260,ASD IDROCARBURI SAS,Esso,A.S.D. IDROCARBURI DI GIUSEPPINA ANITA ARNONE &  C. S.A.S.,VIA DUE FONTANE 13 - 93100 CALTANISSETTA (CL),CALTANISSETTA,CL,37.49144019829983,14.03929609401506,E-DIESEL,328,2.469,False,2026-06-08T04:12:10Z,2026-06-08T04:11:00Z,1,Bancomat
2026-06-10T20:01:57.266232,49260,ASD IDROCARBURI SAS,Esso,A.S.D. IDROCARBURI DI GIUSEPPINA ANITA ARNONE &  C. S.A.S.,VIA DUE FONTANE 13 - 93100 CALTANISSETTA (CL),CALTANISSETTA,CL,37.49144019829983,14.03929609401506,E-DIESEL,328,2.24,True,2026-06-08T04:12:10Z,2026-06-08T04:11:00Z,1,Bancomat
2026-06-10T20:01:57.266232,51343,ACI TURATI,ACI_CL,AUTOMOBILE CLUB CALTANISSETTA,VIA FILIPPO TURATI SN - 93100 CALTANISSETTA (CL),CALTANISSETTA,CL,37.48848195197012,14.046814101726243,Benzina,1,2.129,False,2026-06-05T14:52:13Z,2026-06-05T14:52:00Z,1,Bancomat
2026-06-10T20:01:57.266232,51343,ACI TURATI,ACI_CL,AUTOMOBILE CLUB CALTANISSETTA,VIA FILIPPO TURATI SN - 93100 CALTANISSETTA (CL),CALTANISSETTA,CL,37.48848195197012,14.046814101726243,Benzina,1,1.929,True,2026-06-05T14:52:13Z,2026-06-05T14:52:00Z,1,Bancomat
2026-06-10T20:01:57.266232,51343,ACI TURATI,ACI_CL,AUTOMOBILE CLUB CALTANISSETTA,VIA FILIPPO TURATI SN - 93100 CALTANISSETTA (CL),CALTANISSETTA,CL,37.48848195197012,14.046814101726243,Gasolio,2,2.199,False,2026-06-05T14:52:13Z,2026-06-05T14:52:00Z,1,Bancomat
2026-06-10T20:01:57.266232,51343,ACI TURATI,ACI_CL,AUTOMOBILE CLUB CALTANISSETTA,VIA FILIPPO TURATI SN - 93100 CALTANISSETTA (CL),CALTANISSETTA,CL,37.48848195197012,14.046814101726243,Gasolio,2,1.979,True,2026-06-05T14:52:13Z,2026-06-05T14:52:00Z,1,Bancomat
2026-06-10T20:01:57.266232,51342,ACI MONACO,ACI_CL,AUTOMOBILE CLUB CALTANISSETTA,VIALE LUIGI MONACO 10 - 93100 CALTANISSETTA (CL),CALTANISSETTA,CL,37.49181116877765,14.039210851279336,Benzina,1,2.129,False,2026-06-05T14:52:06Z,2026-06-05T14:52:00Z,2,"Food&Beverage, Bancomat"
2026-06-10T20:01:57.266232,51342,ACI MONACO,ACI_CL,AUTOMOBILE CLUB CALTANISSETTA,VIALE LUIGI MONACO 10 - 93100 CALTANISSETTA (CL),CALTANISSETTA,CL,37.49181116877765,14.039210851279336,Benzina,1,1.929,True,2026-06-05T14:52:06Z,2026-06-05T14:52:00Z,2,"Food&Beverage, Bancomat"
2026-06-10T20:01:57.266232,51342,ACI MONACO,ACI_CL,AUTOMOBILE CLUB CALTANISSETTA,VIALE LUIGI MONACO 10 - 93100 CALTANISSETTA (CL),CALTANISSETTA,CL,37.49181116877765,14.039210851279336,Gasolio,2,2.199,False,2026-06-05T14:52:06Z,2026-06-05T14:52:00Z,2,"Food&Beverage, Bancomat"
2026-06-10T20:01:57.266232,51342,ACI MONACO,ACI_CL,AUTOMOBILE CLUB CALTANISSETTA,VIALE LUIGI MONACO 10 - 93100 CALTANISSETTA (CL),CALTANISSETTA,CL,37.49181116877765,14.039210851279336,Gasolio,2,1.979,True,2026-06-05T14:52:06Z,2026-06-05T14:52:00Z,2,"Food&Beverage, Bancomat"
2026-06-10T20:01:57.266232,42978,CL009,Q8,EOS SERVICES S.R.L. A SOCIO UNICO,VIA VITTORIO EMANUELE SN - 93017 SAN CATALDO (CL),SAN CATALDO,CL,37.48075930304924,13.985616798776618,Benzina,1,2.269,False,2026-06-04T18:48:05Z,2026-06-04T18:48:05Z,0,
2026-06-10T20:01:57.266232,42978,CL009,Q8,EOS SERVICES S.R.L. A SOCIO UNICO,VIA VITTORIO EMANUELE SN - 93017 SAN CATALDO (CL),SAN CATALDO,CL,37.48075930304924,13.985616798776618,Benzina,1,1.969,True,2026-06-04T18:48:05Z,2026-06-04T18:48:05Z,0,
2026-06-10T20:01:57.266232,42978,CL009,Q8,EOS SERVICES S.R.L. A SOCIO UNICO,VIA VITTORIO EMANUELE SN - 93017 SAN CATALDO (CL),SAN CATALDO,CL,37.48075930304924,13.985616798776618,Gasolio,2,2.299,False,2026-06-04T18:48:05Z,2026-06-04T18:48:05Z,0,
2026-06-10T20:01:57.266232,42978,CL009,Q8,EOS SERVICES S.R.L. A SOCIO UNICO,VIA VITTORIO EMANUELE SN - 93017 SAN CATALDO (CL),SAN CATALDO,CL,37.48075930304924,13.985616798776618,Gasolio,2,1.999,True,2026-06-04T18:48:05Z,2026-06-04T18:48:05Z,0,
2026-06-10T20:01:57.266232,58784,LOREFICE GIOVANNI,Esso,GIOVANNI LOREFICE,"SS117bis KM 90,050 - 93012 GELA (CL)",GELA,CL,37.080868826538534,14.265822419947831,Benzina,1,1.879,False,2026-06-10T16:34:15Z,2026-06-10T16:33:00Z,1,Bancomat
2026-06-10T20:01:57.266232,58784,LOREFICE GIOVANNI,Esso,GIOVANNI LOREFICE,"SS117bis KM 90,050 - 93012 GELA (CL)",GELA,CL,37.080868826538534,14.265822419947831,Benzina,1,1.879,True,2026-06-10T16:34:15Z,2026-06-10T16:33:00Z,1,Bancomat
2026-06-10T20:01:57.266232,58784,LOREFICE GIOVANNI,Esso,GIOVANNI LOREFICE,"SS117bis KM 90,050 - 93012 GELA (CL)",GELA,CL,37.080868826538534,14.265822419947831,Gasolio,2,1.999,False,2026-06-10T16:34:15Z,2026-06-10T16:33:00Z,1,Bancomat
2026-06-10T20:01:57.266232,58784,LOREFICE GIOVANNI,Esso,GIOVANNI LOREFICE,"SS117bis KM 90,050 - 93012 GELA (CL)",GELA,CL,37.080868826538534,14.265822419947831,Gasolio,2,1.999,True,2026-06-10T16:34:15Z,2026-06-10T16:33:00Z,1,Bancomat
2026-06-10T20:01:57.266232,4605,_MEIC SERVICES,Esso,MEIC SERVICES SPA,"STRADA STAT. 115 GELA-VITTORIA SNC 93012, GELA (CL) - 93012 GELA (CL)",VITTORIA,CL,37.06236495341149,14.273746758699417,Benzina,1,1.899,False,2026-06-10T14:12:06Z,2026-06-10T14:11:00Z,5,"Food&Beverage, Sosta Camper/Tir, Wi-Fi, Servizi per disabili, Area bambini"
2026-06-10T20:01:57.266232,4605,_MEIC SERVICES,Esso,MEIC SERVICES SPA,"STRADA STAT. 115 GELA-VITTORIA SNC 93012, GELA (CL) - 93012 GELA (CL)",VITTORIA,CL,37.06236495341149,14.273746758699417,Benzina,1,1.899,True,2026-06-10T14:12:06Z,2026-06-10T14:11:00Z,5,"Food&Beverage, Sosta Camper/Tir, Wi-Fi, Servizi per disabili, Area bambini"
2026-06-10T20:01:57.266232,4605,_MEIC SERVICES,Esso,MEIC SERVICES SPA,"STRADA STAT. 115 GELA-VITTORIA SNC 93012, GELA (CL) - 93012 GELA (CL)",VITTORIA,CL,37.06236495341149,14.273746758699417,Gasolio,2,2.029,False,2026-06-10T14:12:06Z,2026-06-10T14:11:00Z,5,"Food&Beverage, Sosta Camper/Tir, Wi-Fi, Servizi per disabili, Area bambini"
2026-06-10T20:01:57.266232,4605,_MEIC SERVICES,Esso,MEIC SERVICES SPA,"STRADA STAT. 115 GELA-VITTORIA SNC 93012, GELA (CL) - 93012 GELA (CL)",VITTORIA,CL,37.06236495341149,14.273746758699417,Gasolio,2,2.029,True,2026-06-10T14:12:06Z,2026-06-10T14:11:00Z,5,"Food&Beverage, Sosta Camper/Tir, Wi-Fi, Servizi per disabili, Area bambini"
2026-06-10T20:01:57.266232,4605,_MEIC SERVICES,Esso,MEIC SERVICES SPA,"STRADA STAT. 115 GELA-VITTORIA SNC 93012, GELA (CL) - 93012 GELA (CL)",VITTORIA,CL,37.06236495341149,14.273746758699417,Metano,3,1.499,False,2026-06-10T14:12:06Z,2026-06-10T14:11:00Z,5,"Food&Beverage, Sosta Camper/Tir, Wi-Fi, Servizi per disabili, Area bambini"
2026-06-10T20:01:57.266232,55824,D'ARMA ALESSANDRO,AgipEni,D'ARMA ALESSANDRO,NISCEMI 28 - 93012 GELA (CL),GELA,CL,37.068466351027595,14.259178531786068,Benzina,1,1.849,True,2026-06-10T10:20:05Z,2026-06-10T10:20:05Z,2,"Bancomat, Wi-Fi"
2026-06-10T20:01:57.266232,55824,D'ARMA ALESSANDRO,AgipEni,D'ARMA ALESSANDRO,NISCEMI 28 - 93012 GELA (CL),GELA,CL,37.068466351027595,14.259178531786068,Gasolio,2,1.964,True,2026-06-10T10:20:05Z,2026-06-10T10:20:05Z,2,"Bancomat, Wi-Fi"
2026-06-10T20:01:57.266232,55824,D'ARMA ALESSANDRO,AgipEni,D'ARMA ALESSANDRO,NISCEMI 28 - 93012 GELA (CL),GELA,CL,37.068466351027595,14.259178531786068,Blue Diesel,20,2.064,True,2026-06-10T10:20:05Z,2026-06-10T10:20:05Z,2,"Bancomat, Wi-Fi"
2026-06-10T20:01:57.266232,62858,GB OIL,PompeBianche,EUROIL S.R.L.,Ex SS 115 Incrocio Mattei-Barbabianca snc - 93012 GELA (CL),GELA,CL,37.081385539724245,14.214414040273464,Benzina,1,1.889,False,2026-06-10T07:20:18Z,2026-06-10T07:20:00Z,4,"Bancomat, Food&Beverage, Servizi per disabili, Area bambini"
2026-06-10T20:01:57.266232,62858,GB OIL,PompeBianche,EUROIL S.R.L.,Ex SS 115 Incrocio Mattei-Barbabianca snc - 93012 GELA (CL),GELA,CL,37.081385539724245,14.214414040273464,Benzina,1,1.889,True,2026-06-10T07:20:17Z,2026-06-10T07:20:00Z,4,"Bancomat, Food&Beverage, Servizi per disabili, Area bambini"
2026-06-10T20:01:57.266232,62858,GB OIL,PompeBianche,EUROIL S.R.L.,Ex SS 115 Incrocio Mattei-Barbabianca snc - 93012 GELA (CL),GELA,CL,37.081385539724245,14.214414040273464,Gasolio,2,1.989,False,2026-06-10T07:20:17Z,2026-06-10T07:20:00Z,4,"Bancomat, Food&Beverage, Servizi per disabili, Area bambini"
2026-06-10T20:01:57.266232,62858,GB OIL,PompeBianche,EUROIL S.R.L.,Ex SS 115 Incrocio Mattei-Barbabianca snc - 93012 GELA (CL),GELA,CL,37.081385539724245,14.214414040273464,Gasolio,2,1.989,True,2026-06-10T07:20:17Z,2026-06-10T07:20:00Z,4,"Bancomat, Food&Beverage, Servizi per disabili, Area bambini"
2026-06-10T20:01:57.266232,42498,Granvillano Carburanti,PompeBianche,LA GRANVILLANO CARBURANTI S.R.L.,Via Palazzi 74 - 93012 GELA (CL),GELA,CL,37.07338235009571,14.233052504299167,Benzina,1,2.189,False,2026-06-10T06:18:26Z,2026-06-10T06:17:00Z,1,Bancomat
2026-06-10T20:01:57.266232,42498,Granvillano Carburanti,PompeBianche,LA GRANVILLANO CARBURANTI S.R.L.,Via Palazzi 74 - 93012 GELA (CL),GELA,CL,37.07338235009571,14.233052504299167,Benzina,1,1.889,True,2026-06-10T06:18:26Z,2026-06-10T06:17:00Z,1,Bancomat
2026-06-10T20:01:57.266232,42498,Granvillano Carburanti,PompeBianche,LA GRANVILLANO CARBURANTI S.R.L.,Via Palazzi 74 - 93012 GELA (CL),GELA,CL,37.07338235009571,14.233052504299167,Gasolio,2,2.299,False,2026-06-10T06:18:26Z,2026-06-10T06:17:00Z,1,Bancomat
2026-06-10T20:01:57.266232,42498,Granvillano Carburanti,PompeBianche,LA GRANVILLANO CARBURANTI S.R.L.,Via Palazzi 74 - 93012 GELA (CL),GELA,CL,37.07338235009571,14.233052504299167,Gasolio,2,1.999,True,2026-06-10T06:18:26Z,2026-06-10T06:17:00Z,1,Bancomat
2026-06-10T20:01:57.266232,46552,19499,AgipEni,GESTIONI INNOVATIVE ITALIA S.R.L.,"115 dir Sud Occidentale Sicula, Km. 260-878.5, Licata - - 93012 GELA (CL)",GELA,CL,37.08119576292474,14.216595042991685,Benzina,1,2.099,False,2026-06-10T05:12:11Z,2026-06-10T05:12:11Z,0,
2026-06-10T20:01:57.266232,46552,19499,AgipEni,GESTIONI INNOVATIVE ITALIA S.R.L.,"115 dir Sud Occidentale Sicula, Km. 260-878.5, Licata - - 93012 GELA (CL)",GELA,CL,37.08119576292474,14.216595042991685,Benzina,1,1.889,True,2026-06-10T04:14:12Z,2026-06-10T04:14:12Z,0,
2026-06-10T20:01:57.266232,46552,19499,AgipEni,GESTIONI INNOVATIVE ITALIA S.R.L.,"115 dir Sud Occidentale Sicula, Km. 260-878.5, Licata - - 93012 GELA (CL)",GELA,CL,37.08119576292474,14.216595042991685,Gasolio,2,2.229,False,2026-06-10T05:12:11Z,2026-06-10T05:12:11Z,0,
2026-06-10T20:01:57.266232,46552,19499,AgipEni,GESTIONI INNOVATIVE ITALIA S.R.L.,"115 dir Sud Occidentale Sicula, Km. 260-878.5, Licata - - 93012 GELA (CL)",GELA,CL,37.08119576292474,14.216595042991685,Gasolio,2,2.019,True,2026-06-10T04:14:12Z,2026-06-10T04:14:12Z,0,
2026-06-10T20:01:57.266232,46552,19499,AgipEni,GESTIONI INNOVATIVE ITALIA S.R.L.,"115 dir Sud Occidentale Sicula, Km. 260-878.5, Licata - - 93012 GELA (CL)",GELA,CL,37.08119576292474,14.216595042991685,Blue Diesel,20,2.329,False,2026-06-10T05:12:11Z,2026-06-10T05:12:11Z,0,
2026-06-10T20:01:57.266232,46552,19499,AgipEni,GESTIONI INNOVATIVE ITALIA S.R.L.,"115 dir Sud Occidentale Sicula, Km. 260-878.5, Licata - - 93012 GELA (CL)",GELA,CL,37.08119576292474,14.216595042991685,Blue Diesel,20,2.119,True,2026-06-10T04:14:12Z,2026-06-10T04:14:12Z,0,
2026-06-10T20:01:57.266232,53450,D'ARMA CARBURANTI SAS DI D'ARMA SALVATORE & C.,AgipEni,D'ARMA CARBURANTI S.A.S. DI D'ARMA SALVATORE & C.,VENEZIA C.DA GIARDINELLI S.N.C. - 93012 GELA (CL),GELA,CL,37.06855009607853,14.25950288772583,Benzina,1,2.109,False,2026-06-10T05:10:05Z,2026-06-10T05:10:05Z,1,Bancomat
2026-06-10T20:01:57.266232,53450,D'ARMA CARBURANTI SAS DI D'ARMA SALVATORE & C.,AgipEni,D'ARMA CARBURANTI S.A.S. DI D'ARMA SALVATORE & C.,VENEZIA C.DA GIARDINELLI S.N.C. - 93012 GELA (CL),GELA,CL,37.06855009607853,14.25950288772583,Benzina,1,1.889,True,2026-06-10T04:20:04Z,2026-06-10T04:20:04Z,1,Bancomat
2026-06-10T20:01:57.266232,53450,D'ARMA CARBURANTI SAS DI D'ARMA SALVATORE & C.,AgipEni,D'ARMA CARBURANTI S.A.S. DI D'ARMA SALVATORE & C.,VENEZIA C.DA GIARDINELLI S.N.C. - 93012 GELA (CL),GELA,CL,37.06855009607853,14.25950288772583,Gasolio,2,2.239,False,2026-06-10T05:10:05Z,2026-06-10T05:10:05Z,1,Bancomat
2026-06-10T20:01:57.266232,53450,D'ARMA CARBURANTI SAS DI D'ARMA SALVATORE & C.,AgipEni,D'ARMA CARBURANTI S.A.S. DI D'ARMA SALVATORE & C.,VENEZIA C.DA GIARDINELLI S.N.C. - 93012 GELA (CL),GELA,CL,37.06855009607853,14.25950288772583,Gasolio,2,2.019,True,2026-06-10T04:20:04Z,2026-06-10T04:20:04Z,1,Bancomat
2026-06-10T20:01:57.266232,61386,19510,AgipEni,GESTIONI INNOVATIVE ITALIA S.R.L.,STAT.117/BIS-KM.90+369 SN - 93012 GELA (CL),GELA,CL,37.07837,14.26545,Benzina,1,1.849,True,2026-06-10T04:08:40Z,2026-06-10T04:08:40Z,0,
2026-06-10T20:01:57.266232,61386,19510,AgipEni,GESTIONI INNOVATIVE ITALIA S.R.L.,STAT.117/BIS-KM.90+369 SN - 93012 GELA (CL),GELA,CL,37.07837,14.26545,Gasolio,2,1.964,True,2026-06-10T04:08:40Z,2026-06-10T04:08:40Z,0,
2026-06-10T20:01:57.266232,61386,19510,AgipEni,GESTIONI INNOVATIVE ITALIA S.R.L.,STAT.117/BIS-KM.90+369 SN - 93012 GELA (CL),GELA,CL,37.07837,14.26545,Blue Diesel,20,2.064,True,2026-06-10T04:08:40Z,2026-06-10T04:08:40Z,0,
2026-06-10T20:01:57.266232,63067,"VIA NISCEMI, 54",Esso,SERVIZI E GESTIONI ZENIT S.R.L. IN SIGLA - ZENIT S.R.L.,Via Niscemi 54 - 93012 GELA (CL),GELA,CL,37.0680965,14.2586899,Benzina,1,1.879,False,2026-06-10T03:57:37Z,2026-06-10T03:57:37Z,0,
2026-06-10T20:01:57.266232,63067,"VIA NISCEMI, 54",Esso,SERVIZI E GESTIONI ZENIT S.R.L. IN SIGLA - ZENIT S.R.L.,Via Niscemi 54 - 93012 GELA (CL),GELA,CL,37.0680965,14.2586899,Benzina,1,1.879,True,2026-06-10T03:57:37Z,2026-06-10T03:57:37Z,0,
2026-06-10T20:01:57.266232,63067,"VIA NISCEMI, 54",Esso,SERVIZI E GESTIONI ZENIT S.R.L. IN SIGLA - ZENIT S.R.L.,Via Niscemi 54 - 93012 GELA (CL),GELA,CL,37.0680965,14.2586899,Gasolio,2,2.019,False,2026-06-10T03:57:37Z,2026-06-10T03:57:37Z,0,
2026-06-10T20:01:57.266232,63067,"VIA NISCEMI, 54",Esso,SERVIZI E GESTIONI ZENIT S.R.L. IN SIGLA - ZENIT S.R.L.,Via Niscemi 54 - 93012 GELA (CL),GELA,CL,37.0680965,14.2586899,Gasolio,2,2.019,True,2026-06-10T03:57:37Z,2026-06-10T03:57:37Z,0,
2026-06-10T20:01:57.266232,63067,"VIA NISCEMI, 54",Esso,SERVIZI E GESTIONI ZENIT S.R.L. IN SIGLA - ZENIT S.R.L.,Via Niscemi 54 - 93012 GELA (CL),GELA,CL,37.0680965,14.2586899,Supreme Diesel,327,2.218,False,2026-06-10T03:57:37Z,2026-06-10T03:57:37Z,0,
2026-06-10T20:01:57.266232,63067,"VIA NISCEMI, 54",Esso,SERVIZI E GESTIONI ZENIT S.R.L. IN SIGLA - ZENIT S.R.L.,Via Niscemi 54 - 93012 GELA (CL),GELA,CL,37.0680965,14.2586899,Supreme Diesel,327,2.218,True,2026-06-10T03:57:37Z,2026-06-10T03:57:37Z,0,
2026-06-10T20:01:57.266232,33642,LARGO POMPEI - GELA,Giap,SERVIZI E GESTIONI ZENIT S.R.L. IN SIGLA - ZENIT S.R.L.,LARGO POMPEI - 93012 GELA (CL),GELA,CL,37.06602511860521,14.255709772111459,Benzina,1,1.889,False,2026-06-10T03:57:36Z,2026-06-10T03:57:36Z,0,
2026-06-10T20:01:57.266232,33642,LARGO POMPEI - GELA,Giap,SERVIZI E GESTIONI ZENIT S.R.L. IN SIGLA - ZENIT S.R.L.,LARGO POMPEI - 93012 GELA (CL),GELA,CL,37.06602511860521,14.255709772111459,Benzina,1,1.889,True,2026-06-10T03:57:36Z,2026-06-10T03:57:36Z,0,
2026-06-10T20:01:57.266232,33642,LARGO POMPEI - GELA,Giap,SERVIZI E GESTIONI ZENIT S.R.L. IN SIGLA - ZENIT S.R.L.,LARGO POMPEI - 93012 GELA (CL),GELA,CL,37.06602511860521,14.255709772111459,Gasolio,2,2.029,False,2026-06-10T03:57:37Z,2026-06-10T03:57:36Z,0,
2026-06-10T20:01:57.266232,33642,LARGO POMPEI - GELA,Giap,SERVIZI E GESTIONI ZENIT S.R.L. IN SIGLA - ZENIT S.R.L.,LARGO POMPEI - 93012 GELA (CL),GELA,CL,37.06602511860521,14.255709772111459,Gasolio,2,2.029,True,2026-06-10T03:57:37Z,2026-06-10T03:57:36Z,0,
2026-06-10T20:01:57.266232,6036,eni/agip,AgipEni,SOCIETA' CARBOLUBRIFICANTI DI PUCCIO VINCENZO MANLIO S.A.S.,"117 bis Centrale Sicula, Km. 85+625, gela-catania - - 93012 GELA (CL)",GELA,CL,37.11681877503247,14.286751449108124,Benzina,1,1.96,False,2026-06-09T21:46:43Z,2026-06-09T21:46:43Z,1,Bancomat
2026-06-10T20:01:57.266232,6036,eni/agip,AgipEni,SOCIETA' CARBOLUBRIFICANTI DI PUCCIO VINCENZO MANLIO S.A.S.,"117 bis Centrale Sicula, Km. 85+625, gela-catania - - 93012 GELA (CL)",GELA,CL,37.11681877503247,14.286751449108124,Gasolio,2,1.944,False,2026-06-09T21:46:43Z,2026-06-09T21:46:43Z,1,Bancomat
2026-06-10T20:01:57.266232,6036,eni/agip,AgipEni,SOCIETA' CARBOLUBRIFICANTI DI PUCCIO VINCENZO MANLIO S.A.S.,"117 bis Centrale Sicula, Km. 85+625, gela-catania - - 93012 GELA (CL)",GELA,CL,37.11681877503247,14.286751449108124,GPL,4,0.884,False,2026-06-09T21:46:43Z,2026-06-09T21:46:43Z,1,Bancomat
2026-06-10T20:01:57.266232,6036,eni/agip,AgipEni,SOCIETA' CARBOLUBRIFICANTI DI PUCCIO VINCENZO MANLIO S.A.S.,"117 bis Centrale Sicula, Km. 85+625, gela-catania - - 93012 GELA (CL)",GELA,CL,37.11681877503247,14.286751449108124,Blue Diesel,20,2.054,False,2026-06-09T21:46:43Z,2026-06-09T21:46:43Z,1,Bancomat
2026-06-10T20:01:57.266232,51112,SCIAGOIL,PompeBianche,EURO RISORSE S.R.L.,STRADA PROVINCIALE 8 KM 24+794 SN - 93012 GELA (CL),GELA,CL,37.104506666507994,14.226673319935799,Benzina,1,2.189,False,2026-06-08T17:04:40Z,2026-06-08T17:04:00Z,3,"Sosta Camper/Tir, Servizi per disabili, Bancomat"
2026-06-10T20:01:57.266232,51112,SCIAGOIL,PompeBianche,EURO RISORSE S.R.L.,STRADA PROVINCIALE 8 KM 24+794 SN - 93012 GELA (CL),GELA,CL,37.104506666507994,14.226673319935799,Benzina,1,1.889,True,2026-06-08T17:04:40Z,2026-06-08T17:04:00Z,3,"Sosta Camper/Tir, Servizi per disabili, Bancomat"
2026-06-10T20:01:57.266232,51112,SCIAGOIL,PompeBianche,EURO RISORSE S.R.L.,STRADA PROVINCIALE 8 KM 24+794 SN - 93012 GELA (CL),GELA,CL,37.104506666507994,14.226673319935799,Gasolio,2,2.289,False,2026-06-08T17:04:40Z,2026-06-08T17:04:00Z,3,"Sosta Camper/Tir, Servizi per disabili, Bancomat"
2026-06-10T20:01:57.266232,51112,SCIAGOIL,PompeBianche,EURO RISORSE S.R.L.,STRADA PROVINCIALE 8 KM 24+794 SN - 93012 GELA (CL),GELA,CL,37.104506666507994,14.226673319935799,Gasolio,2,1.989,True,2026-06-08T17:04:40Z,2026-06-08T17:04:00Z,3,"Sosta Camper/Tir, Servizi per disabili, Bancomat"
2026-06-10T20:01:57.266232,51112,SCIAGOIL,PompeBianche,EURO RISORSE S.R.L.,STRADA PROVINCIALE 8 KM 24+794 SN - 93012 GELA (CL),GELA,CL,37.104506666507994,14.226673319935799,GPL,4,0.899,False,2026-06-08T17:04:40Z,2026-06-08T17:04:00Z,3,"Sosta Camper/Tir, Servizi per disabili, Bancomat"
2026-06-10T20:01:57.266232,41956,CL003 - EOS,Q8,EOS SERVICES S.R.L. A SOCIO UNICO,VIA VENEZIA 375 - 93012 GELA (CL),GELA,CL,37.079405656066676,14.235341398811329,Benzina,1,2.239,False,2026-06-08T13:27:07Z,2026-06-08T13:27:07Z,1,Bancomat
2026-06-10T20:01:57.266232,41956,CL003 - EOS,Q8,EOS SERVICES S.R.L. A SOCIO UNICO,VIA VENEZIA 375 - 93012 GELA (CL),GELA,CL,37.079405656066676,14.235341398811329,Benzina,1,1.939,True,2026-06-08T13:27:07Z,2026-06-08T13:27:07Z,1,Bancomat
2026-06-10T20:01:57.266232,41956,CL003 - EOS,Q8,EOS SERVICES S.R.L. A SOCIO UNICO,VIA VENEZIA 375 - 93012 GELA (CL),GELA,CL,37.079405656066676,14.235341398811329,Gasolio,2,2.299,False,2026-06-08T09:09:08Z,2026-06-08T09:09:08Z,1,Bancomat
2026-06-10T20:01:57.266232,41956,CL003 - EOS,Q8,EOS SERVICES S.R.L. A SOCIO UNICO,VIA VENEZIA 375 - 93012 GELA (CL),GELA,CL,37.079405656066676,14.235341398811329,Gasolio,2,1.999,True,2026-06-08T09:09:08Z,2026-06-08T09:09:08Z,1,Bancomat
2026-06-10T20:01:57.266232,41956,CL003 - EOS,Q8,EOS SERVICES S.R.L. A SOCIO UNICO,VIA VENEZIA 375 - 93012 GELA (CL),GELA,CL,37.079405656066676,14.235341398811329,Hi-Q Diesel,6,2.499,False,2026-06-08T09:09:08Z,2026-06-08T09:09:08Z,1,Bancomat
2026-06-10T20:01:57.266232,41956,CL003 - EOS,Q8,EOS SERVICES S.R.L. A SOCIO UNICO,VIA VENEZIA 375 - 93012 GELA (CL),GELA,CL,37.079405656066676,14.235341398811329,Hi-Q Diesel,6,2.199,True,2026-06-08T09:09:08Z,2026-06-08T09:09:08Z,1,Bancomat
2026-06-10T20:01:57.266232,60646,ENI  VIA BUTERA ,AgipEni,NOBILE FUEL S.R.L.,BUTERA SN - 93012 GELA (CL),GELA,CL,37.0809873,14.2313006,Benzina,1,1.939,True,2026-06-08T08:08:26Z,2026-06-08T08:08:00Z,1,Bancomat
2026-06-10T20:01:57.266232,60646,ENI  VIA BUTERA ,AgipEni,NOBILE FUEL S.R.L.,BUTERA SN - 93012 GELA (CL),GELA,CL,37.0809873,14.2313006,Gasolio,2,2.039,True,2026-06-08T08:08:26Z,2026-06-08T08:08:00Z,1,Bancomat
2026-06-10T20:01:57.266232,60646,ENI  VIA BUTERA ,AgipEni,NOBILE FUEL S.R.L.,BUTERA SN - 93012 GELA (CL),GELA,CL,37.0809873,14.2313006,Blue Diesel,20,2.179,True,2026-06-08T08:08:26Z,2026-06-08T08:08:00Z,1,Bancomat
2026-06-10T20:01:57.266232,62075,DB CARBURANTI GELA,DBCarburanti,DI BENEDETTO CARBURANTI S.R.L.,GENERALE CASCINO 170 - 93012 GELA (CL),GELA,CL,37.06560943921419,14.257206916809041,Benzina,1,1.889,True,2026-06-08T07:06:15Z,2026-06-08T07:05:00Z,1,Bancomat
2026-06-10T20:01:57.266232,62075,DB CARBURANTI GELA,DBCarburanti,DI BENEDETTO CARBURANTI S.R.L.,GENERALE CASCINO 170 - 93012 GELA (CL),GELA,CL,37.06560943921419,14.257206916809041,Gasolio,2,2.029,True,2026-06-08T07:06:15Z,2026-06-08T07:05:00Z,1,Bancomat
2026-06-10T20:01:57.266232,54786,Carburanti Pisano \Claude Srl\ Via Generale Cascino 258,PompeBianche,ROLLETTO PAOLA,GENERALE CASCINO 258 - 93012 GELA (CL),GELA,CL,37.0634381,14.2279785,Benzina,1,1.899,False,2026-06-08T05:22:33Z,2026-06-08T05:21:00Z,4,"Wi-Fi, Bancomat, Food&Beverage, Sosta Camper/Tir"
2026-06-10T20:01:57.266232,54786,Carburanti Pisano \Claude Srl\ Via Generale Cascino 258,PompeBianche,ROLLETTO PAOLA,GENERALE CASCINO 258 - 93012 GELA (CL),GELA,CL,37.0634381,14.2279785,Benzina,1,1.899,True,2026-06-08T05:22:33Z,2026-06-08T05:21:00Z,4,"Wi-Fi, Bancomat, Food&Beverage, Sosta Camper/Tir"
2026-06-10T20:01:57.266232,54786,Carburanti Pisano \Claude Srl\ Via Generale Cascino 258,PompeBianche,ROLLETTO PAOLA,GENERALE CASCINO 258 - 93012 GELA (CL),GELA,CL,37.0634381,14.2279785,Gasolio,2,2.04,False,2026-06-08T05:22:33Z,2026-06-08T05:21:00Z,4,"Wi-Fi, Bancomat, Food&Beverage, Sosta Camper/Tir"
2026-06-10T20:01:57.266232,54786,Carburanti Pisano \Claude Srl\ Via Generale Cascino 258,PompeBianche,ROLLETTO PAOLA,GENERALE CASCINO 258 - 93012 GELA (CL),GELA,CL,37.0634381,14.2279785,Gasolio,2,2.04,True,2026-06-08T05:22:33Z,2026-06-08T05:21:00Z,4,"Wi-Fi, Bancomat, Food&Beverage, Sosta Camper/Tir"
2026-06-10T20:01:57.266232,59188,Eos ,EOS,ROLLETTO PAOLA,S.S. 117 BIS KM 89+645 SN - 93012 GELA (CL),GELA,CL,37.0966308,14.2755398,Benzina,1,1.959,False,2026-06-08T05:21:48Z,2026-06-08T05:20:00Z,4,"Bancomat, Food&Beverage, Scarico per camper, Wi-Fi"
2026-06-10T20:01:57.266232,59188,Eos ,EOS,ROLLETTO PAOLA,S.S. 117 BIS KM 89+645 SN - 93012 GELA (CL),GELA,CL,37.0966308,14.2755398,Benzina,1,1.959,True,2026-06-08T05:21:48Z,2026-06-08T05:20:00Z,4,"Bancomat, Food&Beverage, Scarico per camper, Wi-Fi"
2026-06-10T20:01:57.266232,59188,Eos ,EOS,ROLLETTO PAOLA,S.S. 117 BIS KM 89+645 SN - 93012 GELA (CL),GELA,CL,37.0966308,14.2755398,Gasolio,2,2.059,False,2026-06-08T05:21:48Z,2026-06-08T05:20:00Z,4,"Bancomat, Food&Beverage, Scarico per camper, Wi-Fi"
2026-06-10T20:01:57.266232,59188,Eos ,EOS,ROLLETTO PAOLA,S.S. 117 BIS KM 89+645 SN - 93012 GELA (CL),GELA,CL,37.0966308,14.2755398,Gasolio,2,2.059,True,2026-06-08T05:21:48Z,2026-06-08T05:20:00Z,4,"Bancomat, Food&Beverage, Scarico per camper, Wi-Fi"
2026-06-10T20:01:57.266232,58700,Carburanti pisano claude srl via generale cascino 254,PompeBianche,ROLLETTO PAOLA,GENERALE CASCINO 254 - 93012 GELA (CL),GELA,CL,37.060608,14.25408,Benzina,1,1.899,False,2026-06-08T05:20:38Z,2026-06-08T05:20:00Z,1,Bancomat
2026-06-10T20:01:57.266232,58700,Carburanti pisano claude srl via generale cascino 254,PompeBianche,ROLLETTO PAOLA,GENERALE CASCINO 254 - 93012 GELA (CL),GELA,CL,37.060608,14.25408,Benzina,1,1.899,True,2026-06-08T05:20:38Z,2026-06-08T05:20:00Z,1,Bancomat
2026-06-10T20:01:57.266232,58700,Carburanti pisano claude srl via generale cascino 254,PompeBianche,ROLLETTO PAOLA,GENERALE CASCINO 254 - 93012 GELA (CL),GELA,CL,37.060608,14.25408,Gasolio,2,2.04,False,2026-06-08T05:20:38Z,2026-06-08T05:20:00Z,1,Bancomat
2026-06-10T20:01:57.266232,58700,Carburanti pisano claude srl via generale cascino 254,PompeBianche,ROLLETTO PAOLA,GENERALE CASCINO 254 - 93012 GELA (CL),GELA,CL,37.060608,14.25408,Gasolio,2,2.04,True,2026-06-08T05:20:38Z,2026-06-08T05:20:00Z,1,Bancomat
2026-06-10T20:01:57.266232,21237,GELA VIA GENERALE CASCINO 160,Q8,SERVIZI & GESTIONI ITALIA S.R.L.,VIA GENERALE CASCINO 160 - 93012 GELA (CL),GELA,CL,37.06585858301055,14.256559411639387,Benzina,1,1.889,True,2026-06-06T23:46:11Z,2026-06-06T23:46:11Z,0,
2026-06-10T20:01:57.266232,21237,GELA VIA GENERALE CASCINO 160,Q8,SERVIZI & GESTIONI ITALIA S.R.L.,VIA GENERALE CASCINO 160 - 93012 GELA (CL),GELA,CL,37.06585858301055,14.256559411639387,Gasolio,2,2.029,True,2026-06-06T23:46:11Z,2026-06-06T23:46:11Z,0,
2026-06-10T20:01:57.266232,22871,"GELA VIA PALAZZI, 126",Q8,SERVIZI & GESTIONI ITALIA S.R.L.,VIA PALAZZI 126 - 93012 GELA (CL),GELA,CL,37.07400325989522,14.230764103105003,Benzina,1,1.889,True,2026-06-06T23:46:10Z,2026-06-06T23:46:10Z,0,
2026-06-10T20:01:57.266232,22871,"GELA VIA PALAZZI, 126",Q8,SERVIZI & GESTIONI ITALIA S.R.L.,VIA PALAZZI 126 - 93012 GELA (CL),GELA,CL,37.07400325989522,14.230764103105003,Gasolio,2,2.029,True,2026-06-06T23:46:10Z,2026-06-06T23:46:10Z,0,
2026-06-10T20:01:57.266232,54345,TAMOIL,Tamoil,BARTOLUCCIO FABIO DOMENICO,Viale Mario Gori 141 14 - 93015 NISCEMI (CL),NISCEMI,CL,37.1485194,14.3908418,Benzina,1,1.939,False,2026-06-09T14:06:06Z,2026-06-09T14:06:06Z,1,Bancomat
2026-06-10T20:01:57.266232,54345,TAMOIL,Tamoil,BARTOLUCCIO FABIO DOMENICO,Viale Mario Gori 141 14 - 93015 NISCEMI (CL),NISCEMI,CL,37.1485194,14.3908418,Benzina,1,1.939,True,2026-06-09T13:06:13Z,2026-06-09T13:06:13Z,1,Bancomat
2026-06-10T20:01:57.266232,54345,TAMOIL,Tamoil,BARTOLUCCIO FABIO DOMENICO,Viale Mario Gori 141 14 - 93015 NISCEMI (CL),NISCEMI,CL,37.1485194,14.3908418,Gasolio,2,2.049,False,2026-06-10T14:02:05Z,2026-06-10T14:02:05Z,1,Bancomat
2026-06-10T20:01:57.266232,54345,TAMOIL,Tamoil,BARTOLUCCIO FABIO DOMENICO,Viale Mario Gori 141 14 - 93015 NISCEMI (CL),NISCEMI,CL,37.1485194,14.3908418,Gasolio,2,2.049,True,2026-06-10T13:05:36Z,2026-06-10T13:05:35Z,1,Bancomat
2026-06-10T20:01:57.266232,12015,SP11 GELA-NISCEM,Giap,SERVIZI E GESTIONI ZENIT S.R.L. IN SIGLA - ZENIT S.R.L.,S.P. 11 GELA-NISCEMI C.DA BANCO - 93015 NISCEMI (CL),GELA,CL,37.12634897726916,14.394078642852719,Benzina,1,2.115,False,2026-06-10T03:57:36Z,2026-06-10T03:57:36Z,0,
2026-06-10T20:01:57.266232,12015,SP11 GELA-NISCEM,Giap,SERVIZI E GESTIONI ZENIT S.R.L. IN SIGLA - ZENIT S.R.L.,S.P. 11 GELA-NISCEMI C.DA BANCO - 93015 NISCEMI (CL),GELA,CL,37.12634897726916,14.394078642852719,Benzina,1,1.905,True,2026-06-10T03:57:36Z,2026-06-10T03:57:36Z,0,
2026-06-10T20:01:57.266232,12015,SP11 GELA-NISCEM,Giap,SERVIZI E GESTIONI ZENIT S.R.L. IN SIGLA - ZENIT S.R.L.,S.P. 11 GELA-NISCEMI C.DA BANCO - 93015 NISCEMI (CL),GELA,CL,37.12634897726916,14.394078642852719,Gasolio,2,2.235,False,2026-06-10T03:57:36Z,2026-06-10T03:57:36Z,0,
2026-06-10T20:01:57.266232,12015,SP11 GELA-NISCEM,Giap,SERVIZI E GESTIONI ZENIT S.R.L. IN SIGLA - ZENIT S.R.L.,S.P. 11 GELA-NISCEMI C.DA BANCO - 93015 NISCEMI (CL),GELA,CL,37.12634897726916,14.394078642852719,Gasolio,2,2.025,True,2026-06-10T03:57:36Z,2026-06-10T03:57:36Z,0,
2026-06-10T20:01:57.266232,12015,SP11 GELA-NISCEM,Giap,SERVIZI E GESTIONI ZENIT S.R.L. IN SIGLA - ZENIT S.R.L.,S.P. 11 GELA-NISCEMI C.DA BANCO - 93015 NISCEMI (CL),GELA,CL,37.12634897726916,14.394078642852719,Gasolio Prestazionale,402,2.325,False,2026-06-10T03:57:36Z,2026-06-10T03:57:36Z,0,
2026-06-10T20:01:57.266232,12015,SP11 GELA-NISCEM,Giap,SERVIZI E GESTIONI ZENIT S.R.L. IN SIGLA - ZENIT S.R.L.,S.P. 11 GELA-NISCEMI C.DA BANCO - 93015 NISCEMI (CL),GELA,CL,37.12634897726916,14.394078642852719,Gasolio Prestazionale,402,2.115,True,2026-06-10T03:57:36Z,2026-06-10T03:57:36Z,0,
2026-06-10T20:01:57.266232,44953,IMPIANTO ENI ,AgipEni,DI PASQUALE S.A.S. DI DI PASQUALE FRANCESCO & C.,MARIO GORI SN - 93015 NISCEMI (CL),NISCEMI,CL,37.14644319589391,14.393928334358634,Benzina,1,2.147,False,2026-06-09T05:34:02Z,2026-06-09T05:34:02Z,0,
2026-06-10T20:01:57.266232,44953,IMPIANTO ENI ,AgipEni,DI PASQUALE S.A.S. DI DI PASQUALE FRANCESCO & C.,MARIO GORI SN - 93015 NISCEMI (CL),NISCEMI,CL,37.14644319589391,14.393928334358634,Benzina,1,1.939,True,2026-06-09T21:57:42Z,2026-06-09T21:57:42Z,0,
2026-06-10T20:01:57.266232,44953,IMPIANTO ENI ,AgipEni,DI PASQUALE S.A.S. DI DI PASQUALE FRANCESCO & C.,MARIO GORI SN - 93015 NISCEMI (CL),NISCEMI,CL,37.14644319589391,14.393928334358634,Gasolio,2,2.289,False,2026-06-09T05:34:02Z,2026-06-09T05:34:02Z,0,
2026-06-10T20:01:57.266232,44953,IMPIANTO ENI ,AgipEni,DI PASQUALE S.A.S. DI DI PASQUALE FRANCESCO & C.,MARIO GORI SN - 93015 NISCEMI (CL),NISCEMI,CL,37.14644319589391,14.393928334358634,Gasolio,2,2.069,True,2026-06-09T21:57:42Z,2026-06-09T21:57:42Z,0,
2026-06-10T20:01:57.266232,44953,IMPIANTO ENI ,AgipEni,DI PASQUALE S.A.S. DI DI PASQUALE FRANCESCO & C.,MARIO GORI SN - 93015 NISCEMI (CL),NISCEMI,CL,37.14644319589391,14.393928334358634,Blue Diesel,20,2.169,True,2026-06-09T21:57:42Z,2026-06-09T21:57:42Z,0,
2026-06-10T20:01:57.266232,43416,CO.ME.CO.,PompeBianche,COMPAGNIA MERIDIONALE COMBUSTIBILI DI DE SALVO CARMELO E C.S.N.C. IN SIGLA CO.ME.CO. DI DE SALVO CARMELO E C. S.N.C.,EX S.P.11 KM.0+980 LATO SX SN - 93015 NISCEMI (CL),NISCEMI,CL,37.13374869166792,14.396112224536864,Benzina,1,1.955,False,2026-06-09T06:57:08Z,2026-06-09T06:56:00Z,2,"Food&Beverage, Bancomat"
2026-06-10T20:01:57.266232,43416,CO.ME.CO.,PompeBianche,COMPAGNIA MERIDIONALE COMBUSTIBILI DI DE SALVO CARMELO E C.S.N.C. IN SIGLA CO.ME.CO. DI DE SALVO CARMELO E C. S.N.C.,EX S.P.11 KM.0+980 LATO SX SN - 93015 NISCEMI (CL),NISCEMI,CL,37.13374869166792,14.396112224536864,Gasolio,2,2.045,False,2026-06-09T06:57:08Z,2026-06-09T06:56:00Z,2,"Food&Beverage, Bancomat"
2026-06-10T20:01:57.266232,43416,CO.ME.CO.,PompeBianche,COMPAGNIA MERIDIONALE COMBUSTIBILI DI DE SALVO CARMELO E C.S.N.C. IN SIGLA CO.ME.CO. DI DE SALVO CARMELO E C. S.N.C.,EX S.P.11 KM.0+980 LATO SX SN - 93015 NISCEMI (CL),NISCEMI,CL,37.13374869166792,14.396112224536864,GPL,4,0.875,False,2026-06-09T06:57:08Z,2026-06-09T06:56:00Z,2,"Food&Beverage, Bancomat"
2026-06-10T20:01:57.266232,40376,I.D.C. NISCEMI VIA SAMPERI ANG. PIRANDELLO,ACI_CL,LONGO FRANCESCO,VIA SAMPERI ANG. VIA PIRANDELLO - 93015 NISCEMI (CL),NISCEMI,CL,37.14636192277266,14.391184598207474,Benzina,1,2.209,False,2026-06-08T19:06:48Z,2026-06-08T19:06:00Z,1,Bancomat
2026-06-10T20:01:57.266232,40376,I.D.C. NISCEMI VIA SAMPERI ANG. PIRANDELLO,ACI_CL,LONGO FRANCESCO,VIA SAMPERI ANG. VIA PIRANDELLO - 93015 NISCEMI (CL),NISCEMI,CL,37.14636192277266,14.391184598207474,Benzina,1,1.959,True,2026-06-08T19:06:48Z,2026-06-08T19:06:00Z,1,Bancomat
2026-06-10T20:01:57.266232,40376,I.D.C. NISCEMI VIA SAMPERI ANG. PIRANDELLO,ACI_CL,LONGO FRANCESCO,VIA SAMPERI ANG. VIA PIRANDELLO - 93015 NISCEMI (CL),NISCEMI,CL,37.14636192277266,14.391184598207474,Gasolio,2,2.309,False,2026-06-08T19:06:48Z,2026-06-08T19:06:00Z,1,Bancomat
2026-06-10T20:01:57.266232,40376,I.D.C. NISCEMI VIA SAMPERI ANG. PIRANDELLO,ACI_CL,LONGO FRANCESCO,VIA SAMPERI ANG. VIA PIRANDELLO - 93015 NISCEMI (CL),NISCEMI,CL,37.14636192277266,14.391184598207474,Gasolio,2,2.059,True,2026-06-08T19:06:48Z,2026-06-08T19:06:00Z,1,Bancomat
2026-06-10T20:01:57.266232,58066,ESSO,Esso,EASYSTATOIL S.R.L.,Via Largo Spasimo 55 - 93015 NISCEMI (CL),NISCEMI,CL,37.1432235,14.3941125,Benzina,1,1.959,False,2026-06-08T07:12:06Z,2026-06-08T07:12:06Z,3,"Bancomat, Food&Beverage, Wi-Fi"
2026-06-10T20:01:57.266232,58066,ESSO,Esso,EASYSTATOIL S.R.L.,Via Largo Spasimo 55 - 93015 NISCEMI (CL),NISCEMI,CL,37.1432235,14.3941125,Benzina,1,1.959,True,2026-06-08T07:12:06Z,2026-06-08T07:12:06Z,3,"Bancomat, Food&Beverage, Wi-Fi"
2026-06-10T20:01:57.266232,58066,ESSO,Esso,EASYSTATOIL S.R.L.,Via Largo Spasimo 55 - 93015 NISCEMI (CL),NISCEMI,CL,37.1432235,14.3941125,Gasolio,2,2.049,False,2026-06-08T08:00:04Z,2026-06-08T08:00:04Z,3,"Bancomat, Food&Beverage, Wi-Fi"
2026-06-10T20:01:57.266232,58066,ESSO,Esso,EASYSTATOIL S.R.L.,Via Largo Spasimo 55 - 93015 NISCEMI (CL),NISCEMI,CL,37.1432235,14.3941125,Gasolio,2,2.049,True,2026-06-08T08:00:04Z,2026-06-08T08:00:04Z,3,"Bancomat, Food&Beverage, Wi-Fi"
2026-06-10T20:01:57.266232,42829,vp petroli,PompeBianche,VALENTI CINZIA,PILACANE SNC - 93015 NISCEMI (CL),NISCEMI,CL,37.15556969435281,14.40587043762207,Benzina,1,1.949,False,2026-06-07T18:34:01Z,2026-06-07T18:33:00Z,1,Food&Beverage
2026-06-10T20:01:57.266232,42829,vp petroli,PompeBianche,VALENTI CINZIA,PILACANE SNC - 93015 NISCEMI (CL),NISCEMI,CL,37.15556969435281,14.40587043762207,Benzina,1,1.949,True,2026-06-07T18:34:01Z,2026-06-07T18:33:00Z,1,Food&Beverage
2026-06-10T20:01:57.266232,42829,vp petroli,PompeBianche,VALENTI CINZIA,PILACANE SNC - 93015 NISCEMI (CL),NISCEMI,CL,37.15556969435281,14.40587043762207,Gasolio,2,2.039,False,2026-06-07T18:34:01Z,2026-06-07T18:33:00Z,1,Food&Beverage
2026-06-10T20:01:57.266232,42829,vp petroli,PompeBianche,VALENTI CINZIA,PILACANE SNC - 93015 NISCEMI (CL),NISCEMI,CL,37.15556969435281,14.40587043762207,Gasolio,2,2.039,True,2026-06-07T18:34:01Z,2026-06-07T18:33:00Z,1,Food&Beverage
2026-06-10T20:01:57.266232,42829,vp petroli,PompeBianche,VALENTI CINZIA,PILACANE SNC - 93015 NISCEMI (CL),NISCEMI,CL,37.15556969435281,14.40587043762207,GPL,4,0.839,False,2026-06-07T18:34:01Z,2026-06-07T18:33:00Z,1,Food&Beverage
2026-06-10T20:01:57.266232,23695,ENI,AgipEni,CANALELLA GIUSEPPE S.A.S.,"VIA PALERMO 154, 93014 - MUSSOMELI (CL)",MUSSOMELI,CL,37.58405069998486,13.748952620504497,Benzina,1,2.094,False,2026-06-10T05:08:07Z,2026-06-10T05:08:07Z,0,
2026-06-10T20:01:57.266232,23695,ENI,AgipEni,CANALELLA GIUSEPPE S.A.S.,"VIA PALERMO 154, 93014 - MUSSOMELI (CL)",MUSSOMELI,CL,37.58405069998486,13.748952620504497,Benzina,1,1.884,True,2026-06-10T05:08:07Z,2026-06-10T05:08:07Z,0,
2026-06-10T20:01:57.266232,23695,ENI,AgipEni,CANALELLA GIUSEPPE S.A.S.,"VIA PALERMO 154, 93014 - MUSSOMELI (CL)",MUSSOMELI,CL,37.58405069998486,13.748952620504497,Gasolio,2,2.234,False,2026-06-10T05:08:07Z,2026-06-10T05:08:07Z,0,
2026-06-10T20:01:57.266232,23695,ENI,AgipEni,CANALELLA GIUSEPPE S.A.S.,"VIA PALERMO 154, 93014 - MUSSOMELI (CL)",MUSSOMELI,CL,37.58405069998486,13.748952620504497,Gasolio,2,2.024,True,2026-06-10T05:08:07Z,2026-06-10T05:08:07Z,0,
2026-06-10T20:01:57.266232,23695,ENI,AgipEni,CANALELLA GIUSEPPE S.A.S.,"VIA PALERMO 154, 93014 - MUSSOMELI (CL)",MUSSOMELI,CL,37.58405069998486,13.748952620504497,Blue Diesel,20,2.124,True,2026-06-10T05:08:07Z,2026-06-10T05:08:07Z,0,
2026-06-10T20:01:57.266232,36063,VIA PIAVE CAMPOFRANCO,Giap,SERVIZI E GESTIONI ZENIT S.R.L. IN SIGLA - ZENIT S.R.L.,VIA PIAVE 21 - 93010 CAMPOFRANCO (CL),CAMPOFRANCO,CL,37.511950146060215,13.7125235296852,Benzina,1,1.939,False,2026-06-10T03:57:36Z,2026-06-10T03:57:36Z,0,
2026-06-10T20:01:57.266232,36063,VIA PIAVE CAMPOFRANCO,Giap,SERVIZI E GESTIONI ZENIT S.R.L. IN SIGLA - ZENIT S.R.L.,VIA PIAVE 21 - 93010 CAMPOFRANCO (CL),CAMPOFRANCO,CL,37.511950146060215,13.7125235296852,Benzina,1,1.939,True,2026-06-10T03:57:36Z,2026-06-10T03:57:36Z,0,
2026-06-10T20:01:57.266232,36063,VIA PIAVE CAMPOFRANCO,Giap,SERVIZI E GESTIONI ZENIT S.R.L. IN SIGLA - ZENIT S.R.L.,VIA PIAVE 21 - 93010 CAMPOFRANCO (CL),CAMPOFRANCO,CL,37.511950146060215,13.7125235296852,Gasolio,2,2.029,False,2026-06-10T03:57:36Z,2026-06-10T03:57:36Z,0,
2026-06-10T20:01:57.266232,36063,VIA PIAVE CAMPOFRANCO,Giap,SERVIZI E GESTIONI ZENIT S.R.L. IN SIGLA - ZENIT S.R.L.,VIA PIAVE 21 - 93010 CAMPOFRANCO (CL),CAMPOFRANCO,CL,37.511950146060215,13.7125235296852,Gasolio,2,2.029,True,2026-06-10T03:57:36Z,2026-06-10T03:57:36Z,0,
2026-06-10T20:01:57.266232,22987,VIA PALERMO MUSSOMELI,Giap,SERVIZI E GESTIONI ZENIT S.R.L. IN SIGLA - ZENIT S.R.L.,VIA PALERMO - 93014 MUSSOMELI (CL),MUSSOMELI,CL,37.58207114352494,13.750995562478238,Benzina,1,1.899,False,2026-06-10T03:57:34Z,2026-06-10T03:57:34Z,0,
2026-06-10T20:01:57.266232,22987,VIA PALERMO MUSSOMELI,Giap,SERVIZI E GESTIONI ZENIT S.R.L. IN SIGLA - ZENIT S.R.L.,VIA PALERMO - 93014 MUSSOMELI (CL),MUSSOMELI,CL,37.58207114352494,13.750995562478238,Benzina,1,1.899,True,2026-06-10T03:57:34Z,2026-06-10T03:57:34Z,0,
2026-06-10T20:01:57.266232,22987,VIA PALERMO MUSSOMELI,Giap,SERVIZI E GESTIONI ZENIT S.R.L. IN SIGLA - ZENIT S.R.L.,VIA PALERMO - 93014 MUSSOMELI (CL),MUSSOMELI,CL,37.58207114352494,13.750995562478238,Gasolio,2,2.029,False,2026-06-10T03:57:34Z,2026-06-10T03:57:34Z,0,
2026-06-10T20:01:57.266232,22987,VIA PALERMO MUSSOMELI,Giap,SERVIZI E GESTIONI ZENIT S.R.L. IN SIGLA - ZENIT S.R.L.,VIA PALERMO - 93014 MUSSOMELI (CL),MUSSOMELI,CL,37.58207114352494,13.750995562478238,Gasolio,2,2.029,True,2026-06-10T03:57:34Z,2026-06-10T03:57:34Z,0,
2026-06-10T20:01:57.266232,21709,STAZIONE DI SERVIZIO ESSO,Esso,GIARDINA AUTOMOBILI DI RICCARDO GIARDINA & C. S.A.S.,PEPPE SORCE SN - 93014 MUSSOMELI (CL),MUSSOMELI,CL,37.58205127878793,13.750255331397057,Benzina,1,2.143,False,2026-06-09T17:47:13Z,2026-06-09T17:46:00Z,2,"Servizi per disabili, Bancomat"
2026-06-10T20:01:57.266232,21709,STAZIONE DI SERVIZIO ESSO,Esso,GIARDINA AUTOMOBILI DI RICCARDO GIARDINA & C. S.A.S.,PEPPE SORCE SN - 93014 MUSSOMELI (CL),MUSSOMELI,CL,37.58205127878793,13.750255331397057,Benzina,1,1.909,True,2026-06-09T17:47:13Z,2026-06-09T17:46:00Z,2,"Servizi per disabili, Bancomat"
2026-06-10T20:01:57.266232,21709,STAZIONE DI SERVIZIO ESSO,Esso,GIARDINA AUTOMOBILI DI RICCARDO GIARDINA & C. S.A.S.,PEPPE SORCE SN - 93014 MUSSOMELI (CL),MUSSOMELI,CL,37.58205127878793,13.750255331397057,Gasolio,2,2.283,False,2026-06-09T17:47:13Z,2026-06-09T17:46:00Z,2,"Servizi per disabili, Bancomat"
2026-06-10T20:01:57.266232,21709,STAZIONE DI SERVIZIO ESSO,Esso,GIARDINA AUTOMOBILI DI RICCARDO GIARDINA & C. S.A.S.,PEPPE SORCE SN - 93014 MUSSOMELI (CL),MUSSOMELI,CL,37.58205127878793,13.750255331397057,Gasolio,2,2.049,True,2026-06-09T17:47:13Z,2026-06-09T17:46:00Z,2,"Servizi per disabili, Bancomat"
2026-06-10T20:01:57.266232,21709,STAZIONE DI SERVIZIO ESSO,Esso,GIARDINA AUTOMOBILI DI RICCARDO GIARDINA & C. S.A.S.,PEPPE SORCE SN - 93014 MUSSOMELI (CL),MUSSOMELI,CL,37.58205127878793,13.750255331397057,Gasolio Premium,10,2.515,False,2026-06-09T17:47:13Z,2026-06-09T17:46:00Z,2,"Servizi per disabili, Bancomat"
2026-06-10T20:01:57.266232,21709,STAZIONE DI SERVIZIO ESSO,Esso,GIARDINA AUTOMOBILI DI RICCARDO GIARDINA & C. S.A.S.,PEPPE SORCE SN - 93014 MUSSOMELI (CL),MUSSOMELI,CL,37.58205127878793,13.750255331397057,Gasolio Premium,10,2.281,True,2026-06-09T17:47:13Z,2026-06-09T17:46:00Z,2,"Servizi per disabili, Bancomat"
2026-06-10T20:01:57.266232,62875,VALENZA PETROLI,PompeBianche,VALENZA PETROLI DI SORCE VINCENZO SOCIETA' IN ACCOMANDITA SEMPLICE,BOSCO S.N. - 93014 MUSSOMELI (CL),MUSSOMELI,CL,37.577150761603825,13.740592002868652,Benzina,1,1.899,False,2026-06-09T14:48:46Z,2026-06-09T14:48:00Z,0,
2026-06-10T20:01:57.266232,62875,VALENZA PETROLI,PompeBianche,VALENZA PETROLI DI SORCE VINCENZO SOCIETA' IN ACCOMANDITA SEMPLICE,BOSCO S.N. - 93014 MUSSOMELI (CL),MUSSOMELI,CL,37.577150761603825,13.740592002868652,Benzina,1,1.899,True,2026-06-09T14:48:46Z,2026-06-09T14:48:00Z,0,
2026-06-10T20:01:57.266232,62875,VALENZA PETROLI,PompeBianche,VALENZA PETROLI DI SORCE VINCENZO SOCIETA' IN ACCOMANDITA SEMPLICE,BOSCO S.N. - 93014 MUSSOMELI (CL),MUSSOMELI,CL,37.577150761603825,13.740592002868652,Gasolio,2,1.999,False,2026-06-09T14:48:46Z,2026-06-09T14:48:00Z,0,
2026-06-10T20:01:57.266232,62875,VALENZA PETROLI,PompeBianche,VALENZA PETROLI DI SORCE VINCENZO SOCIETA' IN ACCOMANDITA SEMPLICE,BOSCO S.N. - 93014 MUSSOMELI (CL),MUSSOMELI,CL,37.577150761603825,13.740592002868652,Gasolio,2,1.999,True,2026-06-09T14:48:46Z,2026-06-09T14:48:00Z,0,
2026-06-10T20:01:57.266232,24889,Esso,Esso,STAZIONE DI SERVIZIO DI CALTABELLOTTA ALESSIO FILIPPO CESARE E C. S.A.S.,"Statale 189 della Valle del Platani, Km. 36+059, dir. Agrigento - CAMPOFRANCO (CL)",CAMPOFRANCO,CL,37.52124369216934,13.697998523712158,Benzina,1,1.939,False,2026-06-08T16:54:29Z,2026-06-08T16:53:00Z,0,
2026-06-10T20:01:57.266232,24889,Esso,Esso,STAZIONE DI SERVIZIO DI CALTABELLOTTA ALESSIO FILIPPO CESARE E C. S.A.S.,"Statale 189 della Valle del Platani, Km. 36+059, dir. Agrigento - CAMPOFRANCO (CL)",CAMPOFRANCO,CL,37.52124369216934,13.697998523712158,Benzina,1,1.939,True,2026-06-08T16:54:29Z,2026-06-08T16:53:00Z,0,
2026-06-10T20:01:57.266232,24889,Esso,Esso,STAZIONE DI SERVIZIO DI CALTABELLOTTA ALESSIO FILIPPO CESARE E C. S.A.S.,"Statale 189 della Valle del Platani, Km. 36+059, dir. Agrigento - CAMPOFRANCO (CL)",CAMPOFRANCO,CL,37.52124369216934,13.697998523712158,Gasolio,2,1.999,False,2026-06-08T16:54:29Z,2026-06-08T16:53:00Z,0,
2026-06-10T20:01:57.266232,24889,Esso,Esso,STAZIONE DI SERVIZIO DI CALTABELLOTTA ALESSIO FILIPPO CESARE E C. S.A.S.,"Statale 189 della Valle del Platani, Km. 36+059, dir. Agrigento - CAMPOFRANCO (CL)",CAMPOFRANCO,CL,37.52124369216934,13.697998523712158,Gasolio,2,1.999,True,2026-06-08T16:54:29Z,2026-06-08T16:53:00Z,0,
2026-06-10T20:01:57.266232,24889,Esso,Esso,STAZIONE DI SERVIZIO DI CALTABELLOTTA ALESSIO FILIPPO CESARE E C. S.A.S.,"Statale 189 della Valle del Platani, Km. 36+059, dir. Agrigento - CAMPOFRANCO (CL)",CAMPOFRANCO,CL,37.52124369216934,13.697998523712158,Supreme Diesel,327,2.199,False,2026-06-08T16:54:29Z,2026-06-08T16:53:00Z,0,
2026-06-10T20:01:57.266232,24889,Esso,Esso,STAZIONE DI SERVIZIO DI CALTABELLOTTA ALESSIO FILIPPO CESARE E C. S.A.S.,"Statale 189 della Valle del Platani, Km. 36+059, dir. Agrigento - CAMPOFRANCO (CL)",CAMPOFRANCO,CL,37.52124369216934,13.697998523712158,Supreme Diesel,327,2.199,True,2026-06-08T16:54:29Z,2026-06-08T16:53:00Z,0,
2026-06-10T20:01:57.266232,10994,AREA DI SERVIZIO VIRCIGLIO ,PompeBianche,VIRCIGLIO CALOGERO ANTONIO,VIA SENATORE MORMINO 171 - 93010 SUTERA (CL),,CL,37.52764605822426,13.729409234609989,Benzina,1,1.959,False,2026-06-06T16:34:53Z,2026-06-06T22:00:00Z,1,Bancomat
2026-06-10T20:01:57.266232,10994,AREA DI SERVIZIO VIRCIGLIO ,PompeBianche,VIRCIGLIO CALOGERO ANTONIO,VIA SENATORE MORMINO 171 - 93010 SUTERA (CL),,CL,37.52764605822426,13.729409234609989,Benzina,1,1.959,True,2026-06-06T16:34:53Z,2026-06-06T22:00:00Z,1,Bancomat
2026-06-10T20:01:57.266232,10994,AREA DI SERVIZIO VIRCIGLIO ,PompeBianche,VIRCIGLIO CALOGERO ANTONIO,VIA SENATORE MORMINO 171 - 93010 SUTERA (CL),,CL,37.52764605822426,13.729409234609989,Gasolio,2,1.999,False,2026-06-06T16:34:53Z,2026-06-06T22:00:00Z,1,Bancomat
2026-06-10T20:01:57.266232,10994,AREA DI SERVIZIO VIRCIGLIO ,PompeBianche,VIRCIGLIO CALOGERO ANTONIO,VIA SENATORE MORMINO 171 - 93010 SUTERA (CL),,CL,37.52764605822426,13.729409234609989,Gasolio,2,1.999,True,2026-06-06T16:34:53Z,2026-06-06T22:00:00Z,1,Bancomat
2026-06-10T20:01:57.266232,61180,B&G08,PompeBianche,B&G RETE S.R.L,SS 626 KM35+500 SNC - 93011 BUTERA (CL),BUTERA,CL,37.26962,14.13857,Benzina,1,1.999,False,2026-06-10T08:02:15Z,2026-06-10T08:02:15Z,1,Food&Beverage
2026-06-10T20:01:57.266232,61180,B&G08,PompeBianche,B&G RETE S.R.L,SS 626 KM35+500 SNC - 93011 BUTERA (CL),BUTERA,CL,37.26962,14.13857,Benzina,1,1.899,True,2026-06-10T08:02:15Z,2026-06-10T08:02:15Z,1,Food&Beverage
2026-06-10T20:01:57.266232,61180,B&G08,PompeBianche,B&G RETE S.R.L,SS 626 KM35+500 SNC - 93011 BUTERA (CL),BUTERA,CL,37.26962,14.13857,Gasolio,2,2.069,False,2026-06-09T21:32:34Z,2026-06-09T21:32:34Z,1,Food&Beverage
2026-06-10T20:01:57.266232,61180,B&G08,PompeBianche,B&G RETE S.R.L,SS 626 KM35+500 SNC - 93011 BUTERA (CL),BUTERA,CL,37.26962,14.13857,Gasolio,2,1.969,True,2026-06-09T21:32:34Z,2026-06-09T21:32:34Z,1,Food&Beverage
2026-06-10T20:01:57.266232,61180,B&G08,PompeBianche,B&G RETE S.R.L,SS 626 KM35+500 SNC - 93011 BUTERA (CL),BUTERA,CL,37.26962,14.13857,GPL,4,0.779,False,2026-06-09T21:32:34Z,2026-06-09T21:32:34Z,1,Food&Beverage
2026-06-10T20:01:57.266232,61180,B&G08,PompeBianche,B&G RETE S.R.L,SS 626 KM35+500 SNC - 93011 BUTERA (CL),BUTERA,CL,37.26962,14.13857,HVO,424,2.069,False,2026-06-09T21:32:34Z,2026-06-09T21:32:34Z,1,Food&Beverage
2026-06-10T20:01:57.266232,61180,B&G08,PompeBianche,B&G RETE S.R.L,SS 626 KM35+500 SNC - 93011 BUTERA (CL),BUTERA,CL,37.26962,14.13857,HVO,424,1.969,True,2026-06-09T21:32:34Z,2026-06-09T21:32:34Z,1,Food&Beverage
2026-06-10T20:01:57.266232,58671,55046 MAZZARINO,AgipEni,ENIMOOV S.P.A.,VIA REGINA ELENA - MAZZARINO (CL),MAZZARINO,CL,37.30071,14.206906,Benzina,1,2.109,False,2026-06-10T06:04:55Z,2026-06-10T06:04:54Z,0,
2026-06-10T20:01:57.266232,58671,55046 MAZZARINO,AgipEni,ENIMOOV S.P.A.,VIA REGINA ELENA - MAZZARINO (CL),MAZZARINO,CL,37.30071,14.206906,Benzina,1,1.889,True,2026-06-10T06:04:55Z,2026-06-10T06:04:54Z,0,
2026-06-10T20:01:57.266232,58671,55046 MAZZARINO,AgipEni,ENIMOOV S.P.A.,VIA REGINA ELENA - MAZZARINO (CL),MAZZARINO,CL,37.30071,14.206906,Gasolio,2,2.239,False,2026-06-10T06:04:55Z,2026-06-10T06:04:54Z,0,
2026-06-10T20:01:57.266232,58671,55046 MAZZARINO,AgipEni,ENIMOOV S.P.A.,VIA REGINA ELENA - MAZZARINO (CL),MAZZARINO,CL,37.30071,14.206906,Gasolio,2,2.019,True,2026-06-10T06:04:54Z,2026-06-10T06:04:54Z,0,
2026-06-10T20:01:57.266232,58671,55046 MAZZARINO,AgipEni,ENIMOOV S.P.A.,VIA REGINA ELENA - MAZZARINO (CL),MAZZARINO,CL,37.30071,14.206906,Blue Diesel,20,2.339,False,2026-06-10T06:04:54Z,2026-06-10T06:04:54Z,0,
2026-06-10T20:01:57.266232,58671,55046 MAZZARINO,AgipEni,ENIMOOV S.P.A.,VIA REGINA ELENA - MAZZARINO (CL),MAZZARINO,CL,37.30071,14.206906,Blue Diesel,20,2.119,True,2026-06-10T06:04:54Z,2026-06-10T06:04:54Z,0,
2026-06-10T20:01:57.266232,53148,DB Carburanti Mazzarino,DBCarburanti,DI BENEDETTO CARBURANTI S.R.L.,Via Autonomia Siciliana snc - 93013 MAZZARINO (CL),MAZZARINO,CL,37.3018333,14.2047407,Benzina,1,1.889,False,2026-06-09T06:35:38Z,2026-06-09T06:35:00Z,1,Bancomat
2026-06-10T20:01:57.266232,53148,DB Carburanti Mazzarino,DBCarburanti,DI BENEDETTO CARBURANTI S.R.L.,Via Autonomia Siciliana snc - 93013 MAZZARINO (CL),MAZZARINO,CL,37.3018333,14.2047407,Gasolio,2,1.989,False,2026-06-09T06:35:38Z,2026-06-09T06:35:00Z,1,Bancomat
2026-06-10T20:01:57.266232,58626,B.F.UEL S.R.L,PompeBianche,B.F.UEL S.R.L.,Viale della Resistenza - 93013 MAZZARINO (CL),MAZZARINO,CL,37.29785091844218,14.201946705579758,Benzina,1,1.979,False,2026-06-09T06:24:42Z,2026-06-09T06:23:00Z,3,"Bancomat, Food&Beverage, Autolavaggio"
2026-06-10T20:01:57.266232,58626,B.F.UEL S.R.L,PompeBianche,B.F.UEL S.R.L.,Viale della Resistenza - 93013 MAZZARINO (CL),MAZZARINO,CL,37.29785091844218,14.201946705579758,Benzina,1,1.899,True,2026-06-09T06:24:42Z,2026-06-09T06:23:00Z,3,"Bancomat, Food&Beverage, Autolavaggio"
2026-06-10T20:01:57.266232,58626,B.F.UEL S.R.L,PompeBianche,B.F.UEL S.R.L.,Viale della Resistenza - 93013 MAZZARINO (CL),MAZZARINO,CL,37.29785091844218,14.201946705579758,Gasolio,2,2.079,False,2026-06-09T06:24:42Z,2026-06-09T06:23:00Z,3,"Bancomat, Food&Beverage, Autolavaggio"
2026-06-10T20:01:57.266232,58626,B.F.UEL S.R.L,PompeBianche,B.F.UEL S.R.L.,Viale della Resistenza - 93013 MAZZARINO (CL),MAZZARINO,CL,37.29785091844218,14.201946705579758,Gasolio,2,1.999,True,2026-06-09T06:24:42Z,2026-06-09T06:23:00Z,3,"Bancomat, Food&Beverage, Autolavaggio"
2026-06-10T20:01:57.266232,8761,F.LLI VOLO DI VOLO SILVIO &C S.N.C.,AgipEni,F.LLI VOLO DI VOLO SILVIO & C. S.N.C.,CORSO GARIBALDI S.N. 93010 - - - SERRADIFALCO (CL),SERRADIFALCO,CL,37.453259539448226,13.885471522808075,Benzina,1,2.129,False,2026-06-09T04:52:10Z,2026-06-09T04:52:10Z,1,Bancomat
2026-06-10T20:01:57.266232,8761,F.LLI VOLO DI VOLO SILVIO &C S.N.C.,AgipEni,F.LLI VOLO DI VOLO SILVIO & C. S.N.C.,CORSO GARIBALDI S.N. 93010 - - - SERRADIFALCO (CL),SERRADIFALCO,CL,37.453259539448226,13.885471522808075,Benzina,1,1.909,True,2026-06-09T21:51:06Z,2026-06-09T21:51:06Z,1,Bancomat
2026-06-10T20:01:57.266232,8761,F.LLI VOLO DI VOLO SILVIO &C S.N.C.,AgipEni,F.LLI VOLO DI VOLO SILVIO & C. S.N.C.,CORSO GARIBALDI S.N. 93010 - - - SERRADIFALCO (CL),SERRADIFALCO,CL,37.453259539448226,13.885471522808075,Gasolio,2,2.259,False,2026-06-10T04:58:09Z,2026-06-10T04:58:09Z,1,Bancomat
2026-06-10T20:01:57.266232,8761,F.LLI VOLO DI VOLO SILVIO &C S.N.C.,AgipEni,F.LLI VOLO DI VOLO SILVIO & C. S.N.C.,CORSO GARIBALDI S.N. 93010 - - - SERRADIFALCO (CL),SERRADIFALCO,CL,37.453259539448226,13.885471522808075,Gasolio,2,2.039,True,2026-06-09T17:34:03Z,2026-06-09T17:34:03Z,1,Bancomat
2026-06-10T20:01:57.266232,8761,F.LLI VOLO DI VOLO SILVIO &C S.N.C.,AgipEni,F.LLI VOLO DI VOLO SILVIO & C. S.N.C.,CORSO GARIBALDI S.N. 93010 - - - SERRADIFALCO (CL),SERRADIFALCO,CL,37.453259539448226,13.885471522808075,Blue Diesel,20,2.359,False,2026-06-10T04:58:09Z,2026-06-10T04:58:09Z,1,Bancomat
2026-06-10T20:01:57.266232,8761,F.LLI VOLO DI VOLO SILVIO &C S.N.C.,AgipEni,F.LLI VOLO DI VOLO SILVIO & C. S.N.C.,CORSO GARIBALDI S.N. 93010 - - - SERRADIFALCO (CL),SERRADIFALCO,CL,37.453259539448226,13.885471522808075,Blue Diesel,20,2.139,True,2026-06-09T17:34:03Z,2026-06-09T17:34:03Z,1,Bancomat
2026-06-10T20:01:57.266232,61552,EUROIL SS640,Lukoil,EUROIL S.R.L.,S.S. 640 KM 45+750 SN - 93100 CALTANISSETTA (CL),CALTANISSETTA,CL,37.438139223769305,13.942292716388218,Benzina,1,2.149,False,2026-06-10T04:32:59Z,2026-06-10T04:32:00Z,2,"Bancomat, Colonnina ricarica elettrica"
2026-06-10T20:01:57.266232,61552,EUROIL SS640,Lukoil,EUROIL S.R.L.,S.S. 640 KM 45+750 SN - 93100 CALTANISSETTA (CL),CALTANISSETTA,CL,37.438139223769305,13.942292716388218,Benzina,1,1.899,True,2026-06-10T04:32:59Z,2026-06-10T04:32:00Z,2,"Bancomat, Colonnina ricarica elettrica"
2026-06-10T20:01:57.266232,61552,EUROIL SS640,Lukoil,EUROIL S.R.L.,S.S. 640 KM 45+750 SN - 93100 CALTANISSETTA (CL),CALTANISSETTA,CL,37.438139223769305,13.942292716388218,Gasolio,2,2.249,False,2026-06-10T04:32:59Z,2026-06-10T04:32:00Z,2,"Bancomat, Colonnina ricarica elettrica"
2026-06-10T20:01:57.266232,61552,EUROIL SS640,Lukoil,EUROIL S.R.L.,S.S. 640 KM 45+750 SN - 93100 CALTANISSETTA (CL),CALTANISSETTA,CL,37.438139223769305,13.942292716388218,Gasolio,2,1.999,True,2026-06-10T04:32:59Z,2026-06-10T04:32:00Z,2,"Bancomat, Colonnina ricarica elettrica"
2026-06-10T20:01:57.266232,61552,EUROIL SS640,Lukoil,EUROIL S.R.L.,S.S. 640 KM 45+750 SN - 93100 CALTANISSETTA (CL),CALTANISSETTA,CL,37.438139223769305,13.942292716388218,GPL,4,0.799,False,2026-06-10T04:32:59Z,2026-06-10T04:32:00Z,2,"Bancomat, Colonnina ricarica elettrica"
2026-06-10T20:01:57.266232,63034,Taurus Services Sas,Esso,TAURUS SERVICES DI PIETRO GUARINO & C. S.A.S.,CRUCILLA' 119/B - 93010 SERRADIFALCO (CL),SERRADIFALCO,CL,37.454368053194045,13.880669212303175,Benzina,1,2.189,False,2026-06-06T07:24:41Z,2026-06-06T07:23:00Z,5,"Bancomat, Food&Beverage, Wi-Fi, Area bambini, Sosta Camper/Tir"
2026-06-10T20:01:57.266232,63034,Taurus Services Sas,Esso,TAURUS SERVICES DI PIETRO GUARINO & C. S.A.S.,CRUCILLA' 119/B - 93010 SERRADIFALCO (CL),SERRADIFALCO,CL,37.454368053194045,13.880669212303175,Benzina,1,1.939,True,2026-06-06T07:24:41Z,2026-06-06T07:23:00Z,5,"Bancomat, Food&Beverage, Wi-Fi, Area bambini, Sosta Camper/Tir"
2026-06-10T20:01:57.266232,63034,Taurus Services Sas,Esso,TAURUS SERVICES DI PIETRO GUARINO & C. S.A.S.,CRUCILLA' 119/B - 93010 SERRADIFALCO (CL),SERRADIFALCO,CL,37.454368053194045,13.880669212303175,Gasolio,2,2.239,False,2026-06-06T07:24:41Z,2026-06-06T07:23:00Z,5,"Bancomat, Food&Beverage, Wi-Fi, Area bambini, Sosta Camper/Tir"
2026-06-10T20:01:57.266232,63034,Taurus Services Sas,Esso,TAURUS SERVICES DI PIETRO GUARINO & C. S.A.S.,CRUCILLA' 119/B - 93010 SERRADIFALCO (CL),SERRADIFALCO,CL,37.454368053194045,13.880669212303175,Gasolio,2,1.989,True,2026-06-06T07:24:41Z,2026-06-06T07:23:00Z,5,"Bancomat, Food&Beverage, Wi-Fi, Area bambini, Sosta Camper/Tir"
2026-06-10T20:01:57.266232,63034,Taurus Services Sas,Esso,TAURUS SERVICES DI PIETRO GUARINO & C. S.A.S.,CRUCILLA' 119/B - 93010 SERRADIFALCO (CL),SERRADIFALCO,CL,37.454368053194045,13.880669212303175,Supreme Diesel,327,2.439,False,2026-06-06T07:24:41Z,2026-06-06T07:23:00Z,5,"Bancomat, Food&Beverage, Wi-Fi, Area bambini, Sosta Camper/Tir"
2026-06-10T20:01:57.266232,63034,Taurus Services Sas,Esso,TAURUS SERVICES DI PIETRO GUARINO & C. S.A.S.,CRUCILLA' 119/B - 93010 SERRADIFALCO (CL),SERRADIFALCO,CL,37.454368053194045,13.880669212303175,Supreme Diesel,327,2.189,True,2026-06-06T07:24:41Z,2026-06-06T07:23:00Z,5,"Bancomat, Food&Beverage, Wi-Fi, Area bambini, Sosta Camper/Tir"
2026-06-10T20:01:57.266232,20333,Fidone Gas Auto,PompeBianche,RENDO ANGELO,STRADA PROVINCIALE DONNALUCATA-MARINA DI RG SNC - 97018 SCICLI (RG),SCICLI,RG,36.77279465764075,14.609561667459047,GPL,4,0.818,False,2026-06-08T05:52:49Z,2026-06-08T05:52:00Z,0,
